Workbook

Sheet Main
A1: Id | B1: Start time | C1: Completion time | D1: Email | E1: Name | F1: اسم المعلمة | G1: الأقسام الأكاديمية | H1: السنة الدراسية | I1: الشهر | J1: الفصل الدراسي | K1: الزائر | L1: Column1 | M1: استمارات للقيادة الوسطى | N1: عدد الزيارات | O1: اتساق تخطيط الدروس مع الكفايات التعليمية للمنهج ،ومراعاته احتياجات الطلبة | P1: توفير بيئة تعلم اَمنة ومحفزة خالية من المخاطر لضمان إنتاجية التعلم | Q1: تضمين الموقف التعليمي إرشادات وتوجيهات واضحة | R1: استثمار الوقت بما يحقق أهداف التعلم بصورة منتجة | S1: تحفيز الطلبة ورفع دافعيتهم بأساليب تمكنهم من المشاركة في التعلم وبناء شخصياتهم | T1: سلامة المادة العلمية ومراعاتها كفايات المنهج والمستويات المتوقعة للمرحلة التعليمية | U1: توظيف إستراتيجيات تعليم وتعلم فاعلة ،تسهم في دمج الطلبة على اختلاف احتياجاتهم | V1: توظيف التقويم والاستفادة من نتائجه في دعم جميع فئات المتعلمين وفق احتياجاتهم | W1: تنمية مهارات التفكير العليا للطلبة وتحدي قدراتهم | X1: توظيف التعليم التمايز لتلبية احتياجات الطلبة المتنوعة على اختلاف فئاتهم | Y1: توظيف المصادر والموارد التعليمية والتكنولوجية في عمليات التعليم والتعلم | Z1: تنمية مهارات الطلبة التكنولوجية ومهارات البحث والتعلم الذاتي ،وتشجيعهم على إنتاج المحتوى التعليمي الرقمي | AA1: إظهار الطلبة المعارف والمهارات الأساسية وفقاً لمرحلتهم التعليمية . | AB1: تحقيق الطلبة التقدم خلال الدروس ، واكتسابهم مهارات التعلم | AC1: التزام الطلبة بالقيم الإسلامية ،والوطنية ، والرقمية ،والاستعمال الاُمن للتكنولوجيا | AD1: التزام الطلبة السلوك الإيجابي نحو التعلم ،والانضباط الذاتي ،وتحمل المسؤوليات المختلفة | AE1: قدرة الطلبة على التواصل والمشاركة الفاعلة خلال تعلمهم | AF1: إظهار الطلبة الثقة بالنفس ،والقدرة على القيادة ، والمبادرة ،والابتكار | AG1: نجاحات المعلم | AH1: جوانب بحاجة إلى تطوير | AI1: أبرز نقاط القوة | AJ1: أبرز الجوانب التي تحتاج إلى تطوير | AK1: الدعم المقدم لها | AL1: توظيف جوانب التميز لديها | AM1: مدى التحسين في الأداء | AN1: 1اتساق تخطيط الدروس مع الكفايات التعليمية للمنهج ،ومراعاته احتياجات الطلبة | AO1: 2توفير بيئة تعلم اَمنة ومحفزة خالية من المخاطر لضمان إنتاجية التعلم | AP1: تضمين الموقف التعليمي إرشادات وتوجيهات واضحة1 | AQ1: استثمار الوقت بما يحقق أهداف التعلم بصورة منتجة1 | AR1: 5تحفيز الطلبة ورفع دافعيتهم بأساليب تمكنهم من المشاركة في التعلم وبناء شخصياتهم | AS1: سلامة المادة العلمية ومراعاتها كفايات المنهج والمستويات المتوقعة للمرحلة التعليمية1 | AT1: 7توظيف إستراتيجيات تعليم وتعلم فاعلة ،تسهم في دمج الطلبة على اختلاف احتياجاتهم | AU1: توظيف التقويم والاستفادة من نتائجه في دعم جميع فئات المتعلمين وفق احتياجاتهم1 | AV1: 9تنمية مهارات التفكير العليا للطلبة وتحدي قدراتهم | AW1: 10توظيف التعليم التمايز لتلبية احتياجات الطلبة المتنوعة على اختلاف فئاتهم | AX1: 11توظيف المصادر والموارد التعليمية والتكنولوجية في عمليات التعليم والتعلم | AY1: 12تنمية مهارات الطلبة التكنولوجية ومهارات البحث والتعلم الذاتي ،وتشجيعهم على إنتاج المحتوى التعليمي الرقمي | AZ1: 13إظهار الطلبة المعارف والمهارات الأساسية وفقاً لمرحلتهم التعليمية . | BA1: 14تحقيق الطلبة التقدم خلال الدروس ، واكتسابهم مهارات التعلم | BB1: التزام الطلبة بالقيم الإسلامية ،والوطنية ، والرقمية ،والاستعمال الاُمن للتكنولوجيا1 | BC1: 16التزام الطلبة السلوك الإيجابي نحو التعلم ،والانضباط الذاتي ،وتحمل المسؤوليات المختلفة | BD1: قدرة الطلبة على التواصل والمشاركة الفاعلة خلال تعلمهم1 | BE1: إظهار الطلبة الثقة بالنفس ،والقدرة على القيادة ، والمبادرة ،والابتكار1 | BF1: نقاط القوة في أدائي العام | BG1: نقاط الضعف التي تحتاج إلى تطوير | BH1: ما نوع الدعم الذي أحتاجه من زيارات القيادة الوسطى لجميع المعلمات لتطوير أدائي | BI1: مقترحاتي لتطوير أدائي في المواقف التعليمية | BJ1: 01اتساق تخطيط الدروس مع الكفايات التعليمية للمنهج ،ومراعاته احتياجات الطلبة | BK1: 02توفير بيئة تعلم اَمنة ومحفزة خالية من المخاطر لضمان إنتاجية التعلم | BL1: 03تضمين الموقف التعليمي إرشادات وتوجيهات واضحة | BM1: 04استثمار الوقت بما يحقق أهداف التعلم بصورة منتجة | BN1: 05تحفيز الطلبة ورفع دافعيتهم بأساليب تمكنهم من المشاركة في التعلم وبناء شخصياتهم | BO1: 06سلامة المادة العلمية ومراعاتها كفايات المنهج والمستويات المتوقعة للمرحلة التعليمية | BP1: 07توظيف إستراتيجيات تعليم وتعلم فاعلة ،تسهم في دمج الطلبة على اختلاف احتياجاتهم | BQ1: 08توظيف التقويم والاستفادة من نتائجه في دعم جميع فئات المتعلمين وفق احتياجاتهم | BR1: 09تنمية مهارات التفكير العليا للطلبة وتحدي قدراتهم | BS1: 010توظيف التعليم التمايز لتلبية احتياجات الطلبة المتنوعة على اختلاف فئاتهم | BT1: 011توظيف المصادر والموارد التعليمية والتكنولوجية في عمليات التعليم والتعلم | BU1: 012تنمية مهارات الطلبة التكنولوجية ومهارات البحث والتعلم الذاتي ،وتشجيعهم على إنتاج المحتوى التعليمي الرقمي | BV1: 013إظهار الطلبة المعارف والمهارات الأساسية وفقاً لمرحلتهم التعليمية . | BW1: 014تحقيق الطلبة التقدم خلال الدروس ، واكتسابهم مهارات التعلم | BX1: 015التزام الطلبة بالقيم الإسلامية ،والوطنية ، والرقمية ،والاستعمال الاُمن للتكنولوجيا | BY1: 016التزام الطلبة السلوك الإيجابي نحو التعلم ،والانضباط الذاتي ،وتحمل المسؤوليات المختلفة | BZ1: 017قدرة الطلبة على التواصل والمشاركة الفاعلة خلال تعلمهم | CA1: 018إظهار الطلبة الثقة بالنفس ،والقدرة على القيادة ، والمبادرة ،والابتكار | CB1: المعلم المزور | CC1: القسم الأكاديمي للمعلم المزور | CD1: اسم المدرسة (إذا كان/ت من مدرسة أخرى) | CE1: الأهداف التعليمية للحصة | CF1: أساليب واستراتيجيات التدريس الملحوظة | CG1: ما الذي يمكن أن أستفيد منه لتطوير ممارساتي التدريسية | CH1: أفكار جديدة يمكن أن أستفيد منه لتطوير ممارساتي التدريسية | CI1: توصيات المعلم المزور (خاص بالمعلم المزور) | CJ1: __PowerAppsId__ | CK1: الحكم العام | CL1: حكم للتقييم الذاتي
A2: 66 | B2: 45811.357 | C2: 45811.359 | D2: 890302057@moe.bh | E2: Afaf Hussain Ahmed Ebrahim Hussain Ahmed Ebrahim | F2: عفاف حسين أحمد | G2: قسم الحاسب الآلي | H2: 2024-2025 | J2: الفصل الدراسي الأول | K2: زيارات القيادة الوسطى لجميع المعلمات | M2: استمارة الزيارة الصفية | N2: الزيارة الأولى | O2: يتجاوز التوقعات بكثير | P2: يتجاوز التوقعات بكثير | Q2: يتجاوز التوقعات بكثير | R2: يتجاوز التوقعات بكثير | S2: يتجاوز التوقعات بكثير | T2: يتجاوز التوقعات بكثير | U2: يتجاوز التوقعات بكثير | V2: يتجاوز التوقعات بكثير | W2: يتجاوز التوقعات بكثير | X2: يتجاوز التوقعات بكثير | Y2: يتجاوز التوقعات بكثير | Z2: يتجاوز التوقعات بكثير | AA2: يتجاوز التوقعات بكثير | AB2: يتجاوز التوقعات بكثير | AC2: يتجاوز التوقعات بكثير | AD2: يتجاوز التوقعات بكثير | AE2: يتجاوز التوقعات بكثير | AF2: يتجاوز التوقعات بكثير | AG2: دعم جميع الطالبات حسب الفئات | AH2: - | CK2: =IF(AND(Main!AA2="يتجاوز التوقعات بكثير", Main!AB2="يتجاوز التوقعات بكثير"), "يتجاوز التوقعات بكثير", IF(OR(AND(Main!AA2="يتجاوز التوقعات بكثير", Main!AB2="يتجاوز التوقعات"), AND(Main!AA2="يتجاوز التوقعات", Main!AB2="يتجاوز التوقعات بكثير")), "يتجاوز التوقعات", IF(AND(Main!AA2="يتجاوز التوقعات", Main!AB2="يتجاوز التوقعات"), "يتجاوز التوقعات", IF(OR(AND(Main!AA2="يتجاوز التوقعات", Main!AB2="يفي بالتوقعات"), AND(Main!AA2="يفي بالتوقعات", Main!AB2="يتجاوز التوقعات")), "يفي بالتوقعات", IF(AND(Main!AA2="يفي بالتوقعات", Main!AB2="يفي بالتوقعات"), "يفي بالتوقعات", IF(OR(AND(Main!AA2="يفي بالتوقعات", Main!AB2="يفي بالتوقعات جزئياً"), AND(Main!AA2="يفي بالتوقعات جزئياً", Main!AB2="يفي بالتوقعات")), "يفي بالتوقعات جزئياً", IF(AND(Main!AA2="يفي بالتوقعات جزئياً", Main!AB2="يفي بالتوقعات جزئياً"), "يفي بالتوقعات جزئياً", "" ))))))) -> يتجاوز التوقعات بكثير | CL2: =IF(AND(Main!AZ2="يتجاوز التوقعات بكثير", Main!BA2="يتجاوز التوقعات بكثير"), "يتجاوز التوقعات بكثير", IF(OR(AND(Main!AZ2="يتجاوز التوقعات بكثير", Main!BA2="يتجاوز التوقعات"), AND(Main!AZ2="يتجاوز التوقعات", Main!BA2="يتجاوز التوقعات بكثير")), "يتجاوز التوقعات", IF(AND(Main!AZ2="يتجاوز التوقعات", Main!BA2="يتجاوز التوقعات"), "يتجاوز التوقعات", IF(OR(AND(Main!AZ2="يتجاوز التوقعات", Main!BA2="يفي بالتوقعات"), AND(Main!AZ2="يفي بالتوقعات", Main!BA2="يتجاوز التوقعات")), "يفي بالتوقعات", IF(AND(Main!AZ2="يفي بالتوقعات", Main!BA2="يفي بالتوقعات"), "يفي بالتوقعات", IF(OR(AND(Main!AZ2="يفي بالتوقعات", Main!BA2="يفي بالتوقعات جزئياً"), AND(Main!AZ2="يفي بالتوقعات جزئياً", Main!BA2="يفي بالتوقعات")), "يفي بالتوقعات جزئياً", IF(AND(Main!AZ2="يفي بالتوقعات جزئياً", Main!BA2="يفي بالتوقعات جزئياً"), "يفي بالتوقعات جزئياً", "" )))))))
A3: 67 | B3: 45811.359 | C3: 45811.361 | D3: 890302057@moe.bh | E3: Afaf Hussain Ahmed Ebrahim Hussain Ahmed Ebrahim | F3: عفاف حسين أحمد | G3: قسم الحاسب الآلي | H3: 2024-2025 | J3: الفصل الدراسي الأول | K3: زيارات القيادة الوسطى لجميع المعلمات | M3: استمارة الزيارة الصفية | N3: الزيارة الثانية | O3: يتجاوز التوقعات بكثير | P3: يتجاوز التوقعات بكثير | Q3: يتجاوز التوقعات بكثير | R3: يتجاوز التوقعات | S3: يتجاوز التوقعات بكثير | T3: يتجاوز التوقعات بكثير | U3: يتجاوز التوقعات بكثير | V3: يتجاوز التوقعات بكثير | W3: يتجاوز التوقعات | X3: يتجاوز التوقعات بكثير | Y3: يتجاوز التوقعات بكثير | Z3: يتجاوز التوقعات بكثير | AA3: يتجاوز التوقعات بكثير | AB3: يتجاوز التوقعات بكثير | AC3: يتجاوز التوقعات بكثير | AD3: يتجاوز التوقعات بكثير | AE3: يتجاوز التوقعات بكثير | AF3: يتجاوز التوقعات بكثير | AG3: ابتدعت في مراحل عرض الدرس وعرض انجازات الطالبات والاحتفاء بها | AH3: - | CK3: =IF(AND(Main!AA3="يتجاوز التوقعات بكثير", Main!AB3="يتجاوز التوقعات بكثير"), "يتجاوز التوقعات بكثير", IF(OR(AND(Main!AA3="يتجاوز التوقعات بكثير", Main!AB3="يتجاوز التوقعات"), AND(Main!AA3="يتجاوز التوقعات", Main!AB3="يتجاوز التوقعات بكثير")), "يتجاوز التوقعات", IF(AND(Main!AA3="يتجاوز التوقعات", Main!AB3="يتجاوز التوقعات"), "يتجاوز التوقعات", IF(OR(AND(Main!AA3="يتجاوز التوقعات", Main!AB3="يفي بالتوقعات"), AND(Main!AA3="يفي بالتوقعات", Main!AB3="يتجاوز التوقعات")), "يفي بالتوقعات", IF(AND(Main!AA3="يفي بالتوقعات", Main!AB3="يفي بالتوقعات"), "يفي بالتوقعات", IF(OR(AND(Main!AA3="يفي بالتوقعات", Main!AB3="يفي بالتوقعات جزئياً"), AND(Main!AA3="يفي بالتوقعات جزئياً", Main!AB3="يفي بالتوقعات")), "يفي بالتوقعات جزئياً", IF(AND(Main!AA3="يفي بالتوقعات جزئياً", Main!AB3="يفي بالتوقعات جزئياً"), "يفي بالتوقعات جزئياً", "" ))))))) -> يتجاوز التوقعات بكثير | CL3: =IF(AND(Main!AZ3="يتجاوز التوقعات بكثير", Main!BA3="يتجاوز التوقعات بكثير"), "يتجاوز التوقعات بكثير", IF(OR(AND(Main!AZ3="يتجاوز التوقعات بكثير", Main!BA3="يتجاوز التوقعات"), AND(Main!AZ3="يتجاوز التوقعات", Main!BA3="يتجاوز التوقعات بكثير")), "يتجاوز التوقعات", IF(AND(Main!AZ3="يتجاوز التوقعات", Main!BA3="يتجاوز التوقعات"), "يتجاوز التوقعات", IF(OR(AND(Main!AZ3="يتجاوز التوقعات", Main!BA3="يفي بالتوقعات"), AND(Main!AZ3="يفي بالتوقعات", Main!BA3="يتجاوز التوقعات")), "يفي بالتوقعات", IF(AND(Main!AZ3="يفي بالتوقعات", Main!BA3="يفي بالتوقعات"), "يفي بالتوقعات", IF(OR(AND(Main!AZ3="يفي بالتوقعات", Main!BA3="يفي بالتوقعات جزئياً"), AND(Main!AZ3="يفي بالتوقعات جزئياً", Main!BA3="يفي بالتوقعات")), "يفي بالتوقعات جزئياً", IF(AND(Main!AZ3="يفي بالتوقعات جزئياً", Main!BA3="يفي بالتوقعات جزئياً"), "يفي بالتوقعات جزئياً", "" )))))))
A4: 68 | B4: 45811.361 | C4: 45811.363 | D4: 890302057@moe.bh | E4: Afaf Hussain Ahmed Ebrahim Hussain Ahmed Ebrahim | F4: عفاف حسين أحمد | G4: قسم الحاسب الآلي | H4: 2024-2025 | J4: الفصل الدراسي الأول | K4: زيارات القيادة الوسطى لجميع المعلمات | M4: استمارة الزيارة الصفية | N4: الزيارة الثالثة | O4: يتجاوز التوقعات بكثير | P4: يتجاوز التوقعات بكثير | Q4: يتجاوز التوقعات بكثير | R4: يتجاوز التوقعات | S4: يتجاوز التوقعات بكثير | T4: يتجاوز التوقعات بكثير | U4: يتجاوز التوقعات بكثير | V4: يتجاوز التوقعات بكثير | W4: يتجاوز التوقعات | X4: يتجاوز التوقعات بكثير | Y4: يتجاوز التوقعات بكثير | Z4: يتجاوز التوقعات بكثير | AA4: يتجاوز التوقعات بكثير | AB4: يتجاوز التوقعات بكثير | AC4: يتجاوز التوقعات بكثير | AD4: يتجاوز التوقعات بكثير | AE4: يتجاوز التوقعات بكثير | AF4: يتجاوز التوقعات بكثير | AG4: ابتدعت في مراحل عرض الدرس وعرض انجازات الطالبات والاحتفاء بها | AH4: - | CK4: =IF(AND(Main!AA4="يتجاوز التوقعات بكثير", Main!AB4="يتجاوز التوقعات بكثير"), "يتجاوز التوقعات بكثير", IF(OR(AND(Main!AA4="يتجاوز التوقعات بكثير", Main!AB4="يتجاوز التوقعات"), AND(Main!AA4="يتجاوز التوقعات", Main!AB4="يتجاوز التوقعات بكثير")), "يتجاوز التوقعات", IF(AND(Main!AA4="يتجاوز التوقعات", Main!AB4="يتجاوز التوقعات"), "يتجاوز التوقعات", IF(OR(AND(Main!AA4="يتجاوز التوقعات", Main!AB4="يفي بالتوقعات"), AND(Main!AA4="يفي بالتوقعات", Main!AB4="يتجاوز التوقعات")), "يفي بالتوقعات", IF(AND(Main!AA4="يفي بالتوقعات", Main!AB4="يفي بالتوقعات"), "يفي بالتوقعات", IF(OR(AND(Main!AA4="يفي بالتوقعات", Main!AB4="يفي بالتوقعات جزئياً"), AND(Main!AA4="يفي بالتوقعات جزئياً", Main!AB4="يفي بالتوقعات")), "يفي بالتوقعات جزئياً", IF(AND(Main!AA4="يفي بالتوقعات جزئياً", Main!AB4="يفي بالتوقعات جزئياً"), "يفي بالتوقعات جزئياً", "" ))))))) -> يتجاوز التوقعات بكثير | CL4: =IF(AND(Main!AZ4="يتجاوز التوقعات بكثير", Main!BA4="يتجاوز التوقعات بكثير"), "يتجاوز التوقعات بكثير", IF(OR(AND(Main!AZ4="يتجاوز التوقعات بكثير", Main!BA4="يتجاوز التوقعات"), AND(Main!AZ4="يتجاوز التوقعات", Main!BA4="يتجاوز التوقعات بكثير")), "يتجاوز التوقعات", IF(AND(Main!AZ4="يتجاوز التوقعات", Main!BA4="يتجاوز التوقعات"), "يتجاوز التوقعات", IF(OR(AND(Main!AZ4="يتجاوز التوقعات", Main!BA4="يفي بالتوقعات"), AND(Main!AZ4="يفي بالتوقعات", Main!BA4="يتجاوز التوقعات")), "يفي بالتوقعات", IF(AND(Main!AZ4="يفي بالتوقعات", Main!BA4="يفي بالتوقعات"), "يفي بالتوقعات", IF(OR(AND(Main!AZ4="يفي بالتوقعات", Main!BA4="يفي بالتوقعات جزئياً"), AND(Main!AZ4="يفي بالتوقعات جزئياً", Main!BA4="يفي بالتوقعات")), "يفي بالتوقعات جزئياً", IF(AND(Main!AZ4="يفي بالتوقعات جزئياً", Main!BA4="يفي بالتوقعات جزئياً"), "يفي بالتوقعات جزئياً", "" )))))))
A5: 69 | B5: 45811.363 | C5: 45811.37 | D5: 890302057@moe.bh | E5: Afaf Hussain Ahmed Ebrahim Hussain Ahmed Ebrahim | F5: عفاف حسين أحمد | G5: قسم الحاسب الآلي | H5: 2024-2025 | J5: الفصل الدراسي الثاني | K5: التقييم الذاتي لجميع المعلمات | AN5: يتجاوز التوقعات بكثير | AO5: يتجاوز التوقعات بكثير | AP5: يتجاوز التوقعات بكثير | AQ5: يتجاوز التوقعات بكثير | AR5: يتجاوز التوقعات بكثير | AS5: يتجاوز التوقعات بكثير | AT5: يتجاوز التوقعات بكثير | AU5: يتجاوز التوقعات بكثير | AV5: يتجاوز التوقعات بكثير | AW5: يتجاوز التوقعات بكثير | AX5: يتجاوز التوقعات بكثير | AY5: يتجاوز التوقعات بكثير | AZ5: يتجاوز التوقعات بكثير | BA5: يتجاوز التوقعات بكثير | BB5: يتجاوز التوقعات بكثير | BC5: يتجاوز التوقعات بكثير | BD5: يتجاوز التوقعات بكثير | BE5: يتجاوز التوقعات بكثير | BF5: أُراعي مستويات الطالبات المختلفة | BG5: الحاجة لتطوير استراتيجيات تعزز من استقلالية الطالبات في التعلم وتحمل المسؤولية. | BH5: تشجيع تنظيم لقاءات دورية مع زملاء التخصص لتبادل الخبرات والتجارب التدريسية الناجحة. | BI5: التركيز على تنمية مهارات طرح أسئلة تنمي التفكير النقدي، التحليلي، والاستنتاجي لدى الطالبات. | CK5: =IF(AND(Main!AA5="يتجاوز التوقعات بكثير", Main!AB5="يتجاوز التوقعات بكثير"), "يتجاوز التوقعات بكثير", IF(OR(AND(Main!AA5="يتجاوز التوقعات بكثير", Main!AB5="يتجاوز التوقعات"), AND(Main!AA5="يتجاوز التوقعات", Main!AB5="يتجاوز التوقعات بكثير")), "يتجاوز التوقعات", IF(AND(Main!AA5="يتجاوز التوقعات", Main!AB5="يتجاوز التوقعات"), "يتجاوز التوقعات", IF(OR(AND(Main!AA5="يتجاوز التوقعات", Main!AB5="يفي بالتوقعات"), AND(Main!AA5="يفي بالتوقعات", Main!AB5="يتجاوز التوقعات")), "يفي بالتوقعات", IF(AND(Main!AA5="يفي بالتوقعات", Main!AB5="يفي بالتوقعات"), "يفي بالتوقعات", IF(OR(AND(Main!AA5="يفي بالتوقعات", Main!AB5="يفي بالتوقعات جزئياً"), AND(Main!AA5="يفي بالتوقعات جزئياً", Main!AB5="يفي بالتوقعات")), "يفي بالتوقعات جزئياً", IF(AND(Main!AA5="يفي بالتوقعات جزئياً", Main!AB5="يفي بالتوقعات جزئياً"), "يفي بالتوقعات جزئياً", "" ))))))) | CL5: =IF(AND(Main!AZ5="يتجاوز التوقعات بكثير", Main!BA5="يتجاوز التوقعات بكثير"), "يتجاوز التوقعات بكثير", IF(OR(AND(Main!AZ5="يتجاوز التوقعات بكثير", Main!BA5="يتجاوز التوقعات"), AND(Main!AZ5="يتجاوز التوقعات", Main!BA5="يتجاوز التوقعات بكثير")), "يتجاوز التوقعات", IF(AND(Main!AZ5="يتجاوز التوقعات", Main!BA5="يتجاوز التوقعات"), "يتجاوز التوقعات", IF(OR(AND(Main!AZ5="يتجاوز التوقعات", Main!BA5="يفي بالتوقعات"), AND(Main!AZ5="يفي بالتوقعات", Main!BA5="يتجاوز التوقعات")), "يفي بالتوقعات", IF(AND(Main!AZ5="يفي بالتوقعات", Main!BA5="يفي بالتوقعات"), "يفي بالتوقعات", IF(OR(AND(Main!AZ5="يفي بالتوقعات", Main!BA5="يفي بالتوقعات جزئياً"), AND(Main!AZ5="يفي بالتوقعات جزئياً", Main!BA5="يفي بالتوقعات")), "يفي بالتوقعات جزئياً", IF(AND(Main!AZ5="يفي بالتوقعات جزئياً", Main!BA5="يفي بالتوقعات جزئياً"), "يفي بالتوقعات جزئياً", "" ))))))) -> يتجاوز التوقعات بكثير
A6: 70 | B6: 45811.375 | C6: 45811.376 | D6: 890302057@moe.bh | E6: Afaf Hussain Ahmed Ebrahim Hussain Ahmed Ebrahim | F6: أمينة محمد موسى | G6: قسم الحاسب الآلي | H6: 2024-2025 | J6: الفصل الدراسي الأول | K6: زيارات القيادة العليا للقيادة الوسطى | N6: الزيارة الأولى | O6: يتجاوز التوقعات بكثير | P6: يتجاوز التوقعات بكثير | Q6: يتجاوز التوقعات بكثير | R6: يتجاوز التوقعات بكثير | S6: يتجاوز التوقعات بكثير | T6: يتجاوز التوقعات بكثير | U6: يتجاوز التوقعات بكثير | V6: يتجاوز التوقعات بكثير | W6: يتجاوز التوقعات بكثير | X6: يتجاوز التوقعات بكثير | Y6: يتجاوز التوقعات بكثير | Z6: يتجاوز التوقعات بكثير | AA6: يتجاوز التوقعات بكثير | AB6: يتجاوز التوقعات بكثير | AC6: يتجاوز التوقعات بكثير | AD6: يتجاوز التوقعات بكثير | AE6: يتجاوز التوقعات بكثير | AF6: يتجاوز التوقعات بكثير | AG6: استراتيجيات تعليم وتعلم متنوعة ومبتكرة آلية رائعة في تحفيز جميع الطالبات على المشاركة دعم جميع فئات الطالبات- | AH6: - | CK6: =IF(AND(Main!AA6="يتجاوز التوقعات بكثير", Main!AB6="يتجاوز التوقعات بكثير"), "يتجاوز التوقعات بكثير", IF(OR(AND(Main!AA6="يتجاوز التوقعات بكثير", Main!AB6="يتجاوز التوقعات"), AND(Main!AA6="يتجاوز التوقعات", Main!AB6="يتجاوز التوقعات بكثير")), "يتجاوز التوقعات", IF(AND(Main!AA6="يتجاوز التوقعات", Main!AB6="يتجاوز التوقعات"), "يتجاوز التوقعات", IF(OR(AND(Main!AA6="يتجاوز التوقعات", Main!AB6="يفي بالتوقعات"), AND(Main!AA6="يفي بالتوقعات", Main!AB6="يتجاوز التوقعات")), "يفي بالتوقعات", IF(AND(Main!AA6="يفي بالتوقعات", Main!AB6="يفي بالتوقعات"), "يفي بالتوقعات", IF(OR(AND(Main!AA6="يفي بالتوقعات", Main!AB6="يفي بالتوقعات جزئياً"), AND(Main!AA6="يفي بالتوقعات جزئياً", Main!AB6="يفي بالتوقعات")), "يفي بالتوقعات جزئياً", IF(AND(Main!AA6="يفي بالتوقعات جزئياً", Main!AB6="يفي بالتوقعات جزئياً"), "يفي بالتوقعات جزئياً", "" ))))))) -> يتجاوز التوقعات بكثير | CL6: =IF(AND(Main!AZ6="يتجاوز التوقعات بكثير", Main!BA6="يتجاوز التوقعات بكثير"), "يتجاوز التوقعات بكثير", IF(OR(AND(Main!AZ6="يتجاوز التوقعات بكثير", Main!BA6="يتجاوز التوقعات"), AND(Main!AZ6="يتجاوز التوقعات", Main!BA6="يتجاوز التوقعات بكثير")), "يتجاوز التوقعات", IF(AND(Main!AZ6="يتجاوز التوقعات", Main!BA6="يتجاوز التوقعات"), "يتجاوز التوقعات", IF(OR(AND(Main!AZ6="يتجاوز التوقعات", Main!BA6="يفي بالتوقعات"), AND(Main!AZ6="يفي بالتوقعات", Main!BA6="يتجاوز التوقعات")), "يفي بالتوقعات", IF(AND(Main!AZ6="يفي بالتوقعات", Main!BA6="يفي بالتوقعات"), "يفي بالتوقعات", IF(OR(AND(Main!AZ6="يفي بالتوقعات", Main!BA6="يفي بالتوقعات جزئياً"), AND(Main!AZ6="يفي بالتوقعات جزئياً", Main!BA6="يفي بالتوقعات")), "يفي بالتوقعات جزئياً", IF(AND(Main!AZ6="يفي بالتوقعات جزئياً", Main!BA6="يفي بالتوقعات جزئياً"), "يفي بالتوقعات جزئياً", "" )))))))
A7: 71 | B7: 45811.376 | C7: 45811.377 | D7: 890302057@moe.bh | E7: Afaf Hussain Ahmed Ebrahim Hussain Ahmed Ebrahim | F7: أمينة محمد موسى | G7: قسم الحاسب الآلي | H7: 2024-2025 | J7: الفصل الدراسي الأول | K7: زيارات القيادة العليا للقيادة الوسطى | N7: الزيارة الثانية | O7: يتجاوز التوقعات بكثير | P7: يتجاوز التوقعات بكثير | Q7: يتجاوز التوقعات بكثير | R7: يتجاوز التوقعات بكثير | S7: يتجاوز التوقعات بكثير | T7: يتجاوز التوقعات بكثير | U7: يتجاوز التوقعات بكثير | V7: يتجاوز التوقعات بكثير | W7: يتجاوز التوقعات بكثير | X7: يتجاوز التوقعات بكثير | Y7: يتجاوز التوقعات بكثير | Z7: يتجاوز التوقعات بكثير | AA7: يتجاوز التوقعات بكثير | AB7: يتجاوز التوقعات بكثير | AC7: يتجاوز التوقعات بكثير | AD7: يتجاوز التوقعات بكثير | AE7: يتجاوز التوقعات بكثير | AF7: يتجاوز التوقعات بكثير | AG7: ابتدعت في مراحل عرض الدرس وعرض انجازات الطالبات والاحتفاء بها | AH7: - | CK7: =IF(AND(Main!AA7="يتجاوز التوقعات بكثير", Main!AB7="يتجاوز التوقعات بكثير"), "يتجاوز التوقعات بكثير", IF(OR(AND(Main!AA7="يتجاوز التوقعات بكثير", Main!AB7="يتجاوز التوقعات"), AND(Main!AA7="يتجاوز التوقعات", Main!AB7="يتجاوز التوقعات بكثير")), "يتجاوز التوقعات", IF(AND(Main!AA7="يتجاوز التوقعات", Main!AB7="يتجاوز التوقعات"), "يتجاوز التوقعات", IF(OR(AND(Main!AA7="يتجاوز التوقعات", Main!AB7="يفي بالتوقعات"), AND(Main!AA7="يفي بالتوقعات", Main!AB7="يتجاوز التوقعات")), "يفي بالتوقعات", IF(AND(Main!AA7="يفي بالتوقعات", Main!AB7="يفي بالتوقعات"), "يفي بالتوقعات", IF(OR(AND(Main!AA7="يفي بالتوقعات", Main!AB7="يفي بالتوقعات جزئياً"), AND(Main!AA7="يفي بالتوقعات جزئياً", Main!AB7="يفي بالتوقعات")), "يفي بالتوقعات جزئياً", IF(AND(Main!AA7="يفي بالتوقعات جزئياً", Main!AB7="يفي بالتوقعات جزئياً"), "يفي بالتوقعات جزئياً", "" ))))))) -> يتجاوز التوقعات بكثير | CL7: =IF(AND(Main!AZ7="يتجاوز التوقعات بكثير", Main!BA7="يتجاوز التوقعات بكثير"), "يتجاوز التوقعات بكثير", IF(OR(AND(Main!AZ7="يتجاوز التوقعات بكثير", Main!BA7="يتجاوز التوقعات"), AND(Main!AZ7="يتجاوز التوقعات", Main!BA7="يتجاوز التوقعات بكثير")), "يتجاوز التوقعات", IF(AND(Main!AZ7="يتجاوز التوقعات", Main!BA7="يتجاوز التوقعات"), "يتجاوز التوقعات", IF(OR(AND(Main!AZ7="يتجاوز التوقعات", Main!BA7="يفي بالتوقعات"), AND(Main!AZ7="يفي بالتوقعات", Main!BA7="يتجاوز التوقعات")), "يفي بالتوقعات", IF(AND(Main!AZ7="يفي بالتوقعات", Main!BA7="يفي بالتوقعات"), "يفي بالتوقعات", IF(OR(AND(Main!AZ7="يفي بالتوقعات", Main!BA7="يفي بالتوقعات جزئياً"), AND(Main!AZ7="يفي بالتوقعات جزئياً", Main!BA7="يفي بالتوقعات")), "يفي بالتوقعات جزئياً", IF(AND(Main!AZ7="يفي بالتوقعات جزئياً", Main!BA7="يفي بالتوقعات جزئياً"), "يفي بالتوقعات جزئياً", "" )))))))
A8: 72 | B8: 45811.377 | C8: 45811.378 | D8: 890302057@moe.bh | E8: Afaf Hussain Ahmed Ebrahim Hussain Ahmed Ebrahim | F8: أمينة محمد موسى | G8: قسم الحاسب الآلي | H8: 2024-2025 | J8: الفصل الدراسي الأول | K8: زيارات القيادة العليا للقيادة الوسطى | N8: الزيارة الثالثة | O8: يتجاوز التوقعات بكثير | P8: يتجاوز التوقعات بكثير | Q8: يتجاوز التوقعات بكثير | R8: يتجاوز التوقعات بكثير | S8: يتجاوز التوقعات بكثير | T8: يتجاوز التوقعات بكثير | U8: يتجاوز التوقعات بكثير | V8: يتجاوز التوقعات بكثير | W8: يتجاوز التوقعات بكثير | X8: يتجاوز التوقعات بكثير | Y8: يتجاوز التوقعات بكثير | Z8: يتجاوز التوقعات بكثير | AA8: يتجاوز التوقعات بكثير | AB8: يتجاوز التوقعات بكثير | AC8: يتجاوز التوقعات بكثير | AD8: يتجاوز التوقعات بكثير | AE8: يتجاوز التوقعات بكثير | AF8: يتجاوز التوقعات بكثير | AG8: تدريب الطالبات على المهارات بشكل منظم ومبتكر وتفعيل تعليم الأقران والتعلم الذاتي بشكل فاعل | AH8: - | CK8: =IF(AND(Main!AA8="يتجاوز التوقعات بكثير", Main!AB8="يتجاوز التوقعات بكثير"), "يتجاوز التوقعات بكثير", IF(OR(AND(Main!AA8="يتجاوز التوقعات بكثير", Main!AB8="يتجاوز التوقعات"), AND(Main!AA8="يتجاوز التوقعات", Main!AB8="يتجاوز التوقعات بكثير")), "يتجاوز التوقعات", IF(AND(Main!AA8="يتجاوز التوقعات", Main!AB8="يتجاوز التوقعات"), "يتجاوز التوقعات", IF(OR(AND(Main!AA8="يتجاوز التوقعات", Main!AB8="يفي بالتوقعات"), AND(Main!AA8="يفي بالتوقعات", Main!AB8="يتجاوز التوقعات")), "يفي بالتوقعات", IF(AND(Main!AA8="يفي بالتوقعات", Main!AB8="يفي بالتوقعات"), "يفي بالتوقعات", IF(OR(AND(Main!AA8="يفي بالتوقعات", Main!AB8="يفي بالتوقعات جزئياً"), AND(Main!AA8="يفي بالتوقعات جزئياً", Main!AB8="يفي بالتوقعات")), "يفي بالتوقعات جزئياً", IF(AND(Main!AA8="يفي بالتوقعات جزئياً", Main!AB8="يفي بالتوقعات جزئياً"), "يفي بالتوقعات جزئياً", "" ))))))) -> يتجاوز التوقعات بكثير | CL8: =IF(AND(Main!AZ8="يتجاوز التوقعات بكثير", Main!BA8="يتجاوز التوقعات بكثير"), "يتجاوز التوقعات بكثير", IF(OR(AND(Main!AZ8="يتجاوز التوقعات بكثير", Main!BA8="يتجاوز التوقعات"), AND(Main!AZ8="يتجاوز التوقعات", Main!BA8="يتجاوز التوقعات بكثير")), "يتجاوز التوقعات", IF(AND(Main!AZ8="يتجاوز التوقعات", Main!BA8="يتجاوز التوقعات"), "يتجاوز التوقعات", IF(OR(AND(Main!AZ8="يتجاوز التوقعات", Main!BA8="يفي بالتوقعات"), AND(Main!AZ8="يفي بالتوقعات", Main!BA8="يتجاوز التوقعات")), "يفي بالتوقعات", IF(AND(Main!AZ8="يفي بالتوقعات", Main!BA8="يفي بالتوقعات"), "يفي بالتوقعات", IF(OR(AND(Main!AZ8="يفي بالتوقعات", Main!BA8="يفي بالتوقعات جزئياً"), AND(Main!AZ8="يفي بالتوقعات جزئياً", Main!BA8="يفي بالتوقعات")), "يفي بالتوقعات جزئياً", IF(AND(Main!AZ8="يفي بالتوقعات جزئياً", Main!BA8="يفي بالتوقعات جزئياً"), "يفي بالتوقعات جزئياً", "" )))))))
A9: 73 | B9: 45811.378 | C9: 45811.382 | D9: 890302057@moe.bh | E9: Afaf Hussain Ahmed Ebrahim Hussain Ahmed Ebrahim | F9: مريم محمد الحاي | G9: قسم الحاسب الآلي | H9: 2024-2025 | J9: الفصل الدراسي الأول | K9: زيارات القيادة الوسطى لجميع المعلمات | M9: استمارة الزيارة الصفية | N9: الزيارة الأولى | O9: يتجاوز التوقعات بكثير | P9: يتجاوز التوقعات بكثير | Q9: يتجاوز التوقعات بكثير | R9: يتجاوز التوقعات بكثير | S9: يتجاوز التوقعات بكثير | T9: يتجاوز التوقعات بكثير | U9: يتجاوز التوقعات | V9: يتجاوز التوقعات بكثير | W9: يتجاوز التوقعات بكثير | X9: يتجاوز التوقعات | Y9: يتجاوز التوقعات بكثير | Z9: يتجاوز التوقعات بكثير | AA9: يتجاوز التوقعات بكثير | AB9: يتجاوز التوقعات بكثير | AC9: يتجاوز التوقعات بكثير | AD9: يتجاوز التوقعات بكثير | AE9: يتجاوز التوقعات بكثير | AF9: يتجاوز التوقعات بكثير | AG9: تدريب الطالبات على المهارات بشكل منظم ومبتكر | AH9: - | CK9: =IF(AND(Main!AA9="يتجاوز التوقعات بكثير", Main!AB9="يتجاوز التوقعات بكثير"), "يتجاوز التوقعات بكثير", IF(OR(AND(Main!AA9="يتجاوز التوقعات بكثير", Main!AB9="يتجاوز التوقعات"), AND(Main!AA9="يتجاوز التوقعات", Main!AB9="يتجاوز التوقعات بكثير")), "يتجاوز التوقعات", IF(AND(Main!AA9="يتجاوز التوقعات", Main!AB9="يتجاوز التوقعات"), "يتجاوز التوقعات", IF(OR(AND(Main!AA9="يتجاوز التوقعات", Main!AB9="يفي بالتوقعات"), AND(Main!AA9="يفي بالتوقعات", Main!AB9="يتجاوز التوقعات")), "يفي بالتوقعات", IF(AND(Main!AA9="يفي بالتوقعات", Main!AB9="يفي بالتوقعات"), "يفي بالتوقعات", IF(OR(AND(Main!AA9="يفي بالتوقعات", Main!AB9="يفي بالتوقعات جزئياً"), AND(Main!AA9="يفي بالتوقعات جزئياً", Main!AB9="يفي بالتوقعات")), "يفي بالتوقعات جزئياً", IF(AND(Main!AA9="يفي بالتوقعات جزئياً", Main!AB9="يفي بالتوقعات جزئياً"), "يفي بالتوقعات جزئياً", "" ))))))) -> يتجاوز التوقعات بكثير | CL9: =IF(AND(Main!AZ9="يتجاوز التوقعات بكثير", Main!BA9="يتجاوز التوقعات بكثير"), "يتجاوز التوقعات بكثير", IF(OR(AND(Main!AZ9="يتجاوز التوقعات بكثير", Main!BA9="يتجاوز التوقعات"), AND(Main!AZ9="يتجاوز التوقعات", Main!BA9="يتجاوز التوقعات بكثير")), "يتجاوز التوقعات", IF(AND(Main!AZ9="يتجاوز التوقعات", Main!BA9="يتجاوز التوقعات"), "يتجاوز التوقعات", IF(OR(AND(Main!AZ9="يتجاوز التوقعات", Main!BA9="يفي بالتوقعات"), AND(Main!AZ9="يفي بالتوقعات", Main!BA9="يتجاوز التوقعات")), "يفي بالتوقعات", IF(AND(Main!AZ9="يفي بالتوقعات", Main!BA9="يفي بالتوقعات"), "يفي بالتوقعات", IF(OR(AND(Main!AZ9="يفي بالتوقعات", Main!BA9="يفي بالتوقعات جزئياً"), AND(Main!AZ9="يفي بالتوقعات جزئياً", Main!BA9="يفي بالتوقعات")), "يفي بالتوقعات جزئياً", IF(AND(Main!AZ9="يفي بالتوقعات جزئياً", Main!BA9="يفي بالتوقعات جزئياً"), "يفي بالتوقعات جزئياً", "" )))))))
A10: 74 | B10: 45811.383 | C10: 45811.384 | D10: 890302057@moe.bh | E10: Afaf Hussain Ahmed Ebrahim Hussain Ahmed Ebrahim | F10: مريم محمد الحاي | G10: قسم الحاسب الآلي | H10: 2024-2025 | J10: الفصل الدراسي الأول | K10: زيارات القيادة الوسطى لجميع المعلمات | M10: استمارة الزيارة الصفية | N10: الزيارة الثانية | O10: يتجاوز التوقعات بكثير | P10: يتجاوز التوقعات بكثير | Q10: يتجاوز التوقعات بكثير | R10: يتجاوز التوقعات | S10: يتجاوز التوقعات بكثير | T10: يتجاوز التوقعات بكثير | U10: يتجاوز التوقعات | V10: يتجاوز التوقعات | W10: يتجاوز التوقعات | X10: يتجاوز التوقعات | Y10: يتجاوز التوقعات بكثير | Z10: يتجاوز التوقعات | AA10: يتجاوز التوقعات بكثير | AB10: يتجاوز التوقعات بكثير | AC10: يتجاوز التوقعات بكثير | AD10: يتجاوز التوقعات بكثير | AE10: يتجاوز التوقعات بكثير | AF10: يتجاوز التوقعات بكثير | AG10: استراتيجيات تعليم وتعلم متنوعة ومبتكرة | AH10: - | CK10: =IF(AND(Main!AA10="يتجاوز التوقعات بكثير", Main!AB10="يتجاوز التوقعات بكثير"), "يتجاوز التوقعات بكثير", IF(OR(AND(Main!AA10="يتجاوز التوقعات بكثير", Main!AB10="يتجاوز التوقعات"), AND(Main!AA10="يتجاوز التوقعات", Main!AB10="يتجاوز التوقعات بكثير")), "يتجاوز التوقعات", IF(AND(Main!AA10="يتجاوز التوقعات", Main!AB10="يتجاوز التوقعات"), "يتجاوز التوقعات", IF(OR(AND(Main!AA10="يتجاوز التوقعات", Main!AB10="يفي بالتوقعات"), AND(Main!AA10="يفي بالتوقعات", Main!AB10="يتجاوز التوقعات")), "يفي بالتوقعات", IF(AND(Main!AA10="يفي بالتوقعات", Main!AB10="يفي بالتوقعات"), "يفي بالتوقعات", IF(OR(AND(Main!AA10="يفي بالتوقعات", Main!AB10="يفي بالتوقعات جزئياً"), AND(Main!AA10="يفي بالتوقعات جزئياً", Main!AB10="يفي بالتوقعات")), "يفي بالتوقعات جزئياً", IF(AND(Main!AA10="يفي بالتوقعات جزئياً", Main!AB10="يفي بالتوقعات جزئياً"), "يفي بالتوقعات جزئياً", "" ))))))) -> يتجاوز التوقعات بكثير | CL10: =IF(AND(Main!AZ10="يتجاوز التوقعات بكثير", Main!BA10="يتجاوز التوقعات بكثير"), "يتجاوز التوقعات بكثير", IF(OR(AND(Main!AZ10="يتجاوز التوقعات بكثير", Main!BA10="يتجاوز التوقعات"), AND(Main!AZ10="يتجاوز التوقعات", Main!BA10="يتجاوز التوقعات بكثير")), "يتجاوز التوقعات", IF(AND(Main!AZ10="يتجاوز التوقعات", Main!BA10="يتجاوز التوقعات"), "يتجاوز التوقعات", IF(OR(AND(Main!AZ10="يتجاوز التوقعات", Main!BA10="يفي بالتوقعات"), AND(Main!AZ10="يفي بالتوقعات", Main!BA10="يتجاوز التوقعات")), "يفي بالتوقعات", IF(AND(Main!AZ10="يفي بالتوقعات", Main!BA10="يفي بالتوقعات"), "يفي بالتوقعات", IF(OR(AND(Main!AZ10="يفي بالتوقعات", Main!BA10="يفي بالتوقعات جزئياً"), AND(Main!AZ10="يفي بالتوقعات جزئياً", Main!BA10="يفي بالتوقعات")), "يفي بالتوقعات جزئياً", IF(AND(Main!AZ10="يفي بالتوقعات جزئياً", Main!BA10="يفي بالتوقعات جزئياً"), "يفي بالتوقعات جزئياً", "" )))))))
A11: 75 | B11: 45811.384 | C11: 45811.385 | D11: 890302057@moe.bh | E11: Afaf Hussain Ahmed Ebrahim Hussain Ahmed Ebrahim | F11: مريم محمد الحاي | G11: قسم الحاسب الآلي | H11: 2024-2025 | J11: الفصل الدراسي الأول | K11: زيارات القيادة الوسطى لجميع المعلمات | M11: استمارة الزيارة الصفية | N11: الزيارة الثالثة | O11: يتجاوز التوقعات بكثير | P11: يتجاوز التوقعات بكثير | Q11: يتجاوز التوقعات بكثير | R11: يتجاوز التوقعات بكثير | S11: يتجاوز التوقعات بكثير | T11: يتجاوز التوقعات بكثير | U11: يتجاوز التوقعات | V11: يتجاوز التوقعات بكثير | W11: يتجاوز التوقعات بكثير | X11: يتجاوز التوقعات بكثير | Y11: يتجاوز التوقعات بكثير | Z11: يتجاوز التوقعات بكثير | AA11: يتجاوز التوقعات بكثير | AB11: يتجاوز التوقعات بكثير | AC11: يتجاوز التوقعات بكثير | AD11: يتجاوز التوقعات بكثير | AE11: يتجاوز التوقعات بكثير | AF11: يتجاوز التوقعات | AG11: عرض انجازات الطالبات والاحتفاء بها | AH11: - | CK11: =IF(AND(Main!AA11="يتجاوز التوقعات بكثير", Main!AB11="يتجاوز التوقعات بكثير"), "يتجاوز التوقعات بكثير", IF(OR(AND(Main!AA11="يتجاوز التوقعات بكثير", Main!AB11="يتجاوز التوقعات"), AND(Main!AA11="يتجاوز التوقعات", Main!AB11="يتجاوز التوقعات بكثير")), "يتجاوز التوقعات", IF(AND(Main!AA11="يتجاوز التوقعات", Main!AB11="يتجاوز التوقعات"), "يتجاوز التوقعات", IF(OR(AND(Main!AA11="يتجاوز التوقعات", Main!AB11="يفي بالتوقعات"), AND(Main!AA11="يفي بالتوقعات", Main!AB11="يتجاوز التوقعات")), "يفي بالتوقعات", IF(AND(Main!AA11="يفي بالتوقعات", Main!AB11="يفي بالتوقعات"), "يفي بالتوقعات", IF(OR(AND(Main!AA11="يفي بالتوقعات", Main!AB11="يفي بالتوقعات جزئياً"), AND(Main!AA11="يفي بالتوقعات جزئياً", Main!AB11="يفي بالتوقعات")), "يفي بالتوقعات جزئياً", IF(AND(Main!AA11="يفي بالتوقعات جزئياً", Main!AB11="يفي بالتوقعات جزئياً"), "يفي بالتوقعات جزئياً", "" ))))))) -> يتجاوز التوقعات بكثير | CL11: =IF(AND(Main!AZ11="يتجاوز التوقعات بكثير", Main!BA11="يتجاوز التوقعات بكثير"), "يتجاوز التوقعات بكثير", IF(OR(AND(Main!AZ11="يتجاوز التوقعات بكثير", Main!BA11="يتجاوز التوقعات"), AND(Main!AZ11="يتجاوز التوقعات", Main!BA11="يتجاوز التوقعات بكثير")), "يتجاوز التوقعات", IF(AND(Main!AZ11="يتجاوز التوقعات", Main!BA11="يتجاوز التوقعات"), "يتجاوز التوقعات", IF(OR(AND(Main!AZ11="يتجاوز التوقعات", Main!BA11="يفي بالتوقعات"), AND(Main!AZ11="يفي بالتوقعات", Main!BA11="يتجاوز التوقعات")), "يفي بالتوقعات", IF(AND(Main!AZ11="يفي بالتوقعات", Main!BA11="يفي بالتوقعات"), "يفي بالتوقعات", IF(OR(AND(Main!AZ11="يفي بالتوقعات", Main!BA11="يفي بالتوقعات جزئياً"), AND(Main!AZ11="يفي بالتوقعات جزئياً", Main!BA11="يفي بالتوقعات")), "يفي بالتوقعات جزئياً", IF(AND(Main!AZ11="يفي بالتوقعات جزئياً", Main!BA11="يفي بالتوقعات جزئياً"), "يفي بالتوقعات جزئياً", "" )))))))
A12: 76 | B12: 45811.388 | C12: 45811.392 | D12: 840101929@moe.bh | E12: FATEMA ABDULAMEER ABDULLA HASAN | F12: رنى فرحان عوض بني خالد | G12: قسم المواد الاجتماعية | H12: 2024-2025 | J12: الفصل الدراسي الأول | K12: زيارات القيادة العليا للقيادة الوسطى | N12: الزيارة الأولى | O12: يتجاوز التوقعات بكثير | P12: يتجاوز التوقعات بكثير | Q12: يتجاوز التوقعات بكثير | R12: يتجاوز التوقعات بكثير | S12: يتجاوز التوقعات بكثير | T12: يتجاوز التوقعات بكثير | U12: يتجاوز التوقعات بكثير | V12: يتجاوز التوقعات بكثير | W12: يتجاوز التوقعات بكثير | X12: يتجاوز التوقعات بكثير | Y12: يتجاوز التوقعات بكثير | Z12: يتجاوز التوقعات بكثير | AA12: يتجاوز التوقعات بكثير | AB12: يتجاوز التوقعات بكثير | AC12: يتجاوز التوقعات بكثير | AD12: يتجاوز التوقعات بكثير | AE12: يتجاوز التوقعات بكثير | AF12: يتجاوز التوقعات بكثير | AG12: التنويع في الاستراتيجيات المبتكرة الفاعلة المناسبة للاطار الخامس وتقديم الدعم الاكاديمي بشكل فاعل ومتميز عند تطبيق الانشطة التعليمية | AH12: . | CK12: =IF(AND(Main!AA12="يتجاوز التوقعات بكثير", Main!AB12="يتجاوز التوقعات بكثير"), "يتجاوز التوقعات بكثير", IF(OR(AND(Main!AA12="يتجاوز التوقعات بكثير", Main!AB12="يتجاوز التوقعات"), AND(Main!AA12="يتجاوز التوقعات", Main!AB12="يتجاوز التوقعات بكثير")), "يتجاوز التوقعات", IF(AND(Main!AA12="يتجاوز التوقعات", Main!AB12="يتجاوز التوقعات"), "يتجاوز التوقعات", IF(OR(AND(Main!AA12="يتجاوز التوقعات", Main!AB12="يفي بالتوقعات"), AND(Main!AA12="يفي بالتوقعات", Main!AB12="يتجاوز التوقعات")), "يفي بالتوقعات", IF(AND(Main!AA12="يفي بالتوقعات", Main!AB12="يفي بالتوقعات"), "يفي بالتوقعات", IF(OR(AND(Main!AA12="يفي بالتوقعات", Main!AB12="يفي بالتوقعات جزئياً"), AND(Main!AA12="يفي بالتوقعات جزئياً", Main!AB12="يفي بالتوقعات")), "يفي بالتوقعات جزئياً", IF(AND(Main!AA12="يفي بالتوقعات جزئياً", Main!AB12="يفي بالتوقعات جزئياً"), "يفي بالتوقعات جزئياً", "" ))))))) -> يتجاوز التوقعات بكثير | CL12: =IF(AND(Main!AZ12="يتجاوز التوقعات بكثير", Main!BA12="يتجاوز التوقعات بكثير"), "يتجاوز التوقعات بكثير", IF(OR(AND(Main!AZ12="يتجاوز التوقعات بكثير", Main!BA12="يتجاوز التوقعات"), AND(Main!AZ12="يتجاوز التوقعات", Main!BA12="يتجاوز التوقعات بكثير")), "يتجاوز التوقعات", IF(AND(Main!AZ12="يتجاوز التوقعات", Main!BA12="يتجاوز التوقعات"), "يتجاوز التوقعات", IF(OR(AND(Main!AZ12="يتجاوز التوقعات", Main!BA12="يفي بالتوقعات"), AND(Main!AZ12="يفي بالتوقعات", Main!BA12="يتجاوز التوقعات")), "يفي بالتوقعات", IF(AND(Main!AZ12="يفي بالتوقعات", Main!BA12="يفي بالتوقعات"), "يفي بالتوقعات", IF(OR(AND(Main!AZ12="يفي بالتوقعات", Main!BA12="يفي بالتوقعات جزئياً"), AND(Main!AZ12="يفي بالتوقعات جزئياً", Main!BA12="يفي بالتوقعات")), "يفي بالتوقعات جزئياً", IF(AND(Main!AZ12="يفي بالتوقعات جزئياً", Main!BA12="يفي بالتوقعات جزئياً"), "يفي بالتوقعات جزئياً", "" )))))))
A13: 77 | B13: 45811.385 | C13: 45811.392 | D13: 890302057@moe.bh | E13: Afaf Hussain Ahmed Ebrahim Hussain Ahmed Ebrahim | F13: بشرى عبدالكريم يحيي | G13: قسم الحاسب الآلي | H13: 2024-2025 | J13: الفصل الدراسي الأول | K13: زيارات القيادة الوسطى لجميع المعلمات | M13: استمارة الزيارة الصفية | N13: الزيارة الأولى | O13: يتجاوز التوقعات بكثير | P13: يتجاوز التوقعات بكثير | Q13: يتجاوز التوقعات بكثير | R13: يتجاوز التوقعات بكثير | S13: يتجاوز التوقعات بكثير | T13: يتجاوز التوقعات بكثير | U13: يتجاوز التوقعات | V13: يتجاوز التوقعات | W13: يتجاوز التوقعات بكثير | X13: يتجاوز التوقعات بكثير | Y13: يتجاوز التوقعات بكثير | Z13: يتجاوز التوقعات بكثير | AA13: يتجاوز التوقعات بكثير | AB13: يتجاوز التوقعات بكثير | AC13: يتجاوز التوقعات بكثير | AD13: يتجاوز التوقعات بكثير | AE13: يتجاوز التوقعات بكثير | AF13: يتجاوز التوقعات بكثير | AG13: آلية رائعة في تحفيز جميع الطالبات على المشاركة | AH13: - | CK13: =IF(AND(Main!AA13="يتجاوز التوقعات بكثير", Main!AB13="يتجاوز التوقعات بكثير"), "يتجاوز التوقعات بكثير", IF(OR(AND(Main!AA13="يتجاوز التوقعات بكثير", Main!AB13="يتجاوز التوقعات"), AND(Main!AA13="يتجاوز التوقعات", Main!AB13="يتجاوز التوقعات بكثير")), "يتجاوز التوقعات", IF(AND(Main!AA13="يتجاوز التوقعات", Main!AB13="يتجاوز التوقعات"), "يتجاوز التوقعات", IF(OR(AND(Main!AA13="يتجاوز التوقعات", Main!AB13="يفي بالتوقعات"), AND(Main!AA13="يفي بالتوقعات", Main!AB13="يتجاوز التوقعات")), "يفي بالتوقعات", IF(AND(Main!AA13="يفي بالتوقعات", Main!AB13="يفي بالتوقعات"), "يفي بالتوقعات", IF(OR(AND(Main!AA13="يفي بالتوقعات", Main!AB13="يفي بالتوقعات جزئياً"), AND(Main!AA13="يفي بالتوقعات جزئياً", Main!AB13="يفي بالتوقعات")), "يفي بالتوقعات جزئياً", IF(AND(Main!AA13="يفي بالتوقعات جزئياً", Main!AB13="يفي بالتوقعات جزئياً"), "يفي بالتوقعات جزئياً", "" ))))))) -> يتجاوز التوقعات بكثير | CL13: =IF(AND(Main!AZ13="يتجاوز التوقعات بكثير", Main!BA13="يتجاوز التوقعات بكثير"), "يتجاوز التوقعات بكثير", IF(OR(AND(Main!AZ13="يتجاوز التوقعات بكثير", Main!BA13="يتجاوز التوقعات"), AND(Main!AZ13="يتجاوز التوقعات", Main!BA13="يتجاوز التوقعات بكثير")), "يتجاوز التوقعات", IF(AND(Main!AZ13="يتجاوز التوقعات", Main!BA13="يتجاوز التوقعات"), "يتجاوز التوقعات", IF(OR(AND(Main!AZ13="يتجاوز التوقعات", Main!BA13="يفي بالتوقعات"), AND(Main!AZ13="يفي بالتوقعات", Main!BA13="يتجاوز التوقعات")), "يفي بالتوقعات", IF(AND(Main!AZ13="يفي بالتوقعات", Main!BA13="يفي بالتوقعات"), "يفي بالتوقعات", IF(OR(AND(Main!AZ13="يفي بالتوقعات", Main!BA13="يفي بالتوقعات جزئياً"), AND(Main!AZ13="يفي بالتوقعات جزئياً", Main!BA13="يفي بالتوقعات")), "يفي بالتوقعات جزئياً", IF(AND(Main!AZ13="يفي بالتوقعات جزئياً", Main!BA13="يفي بالتوقعات جزئياً"), "يفي بالتوقعات جزئياً", "" )))))))
A14: 78 | B14: 45811.392 | C14: 45811.393 | D14: 890302057@moe.bh | E14: Afaf Hussain Ahmed Ebrahim Hussain Ahmed Ebrahim | F14: بشرى عبدالكريم يحيي | G14: قسم الحاسب الآلي | H14: 2024-2025 | J14: الفصل الدراسي الأول | K14: زيارات القيادة الوسطى لجميع المعلمات | M14: استمارة الزيارة الصفية | N14: الزيارة الثانية | O14: يتجاوز التوقعات بكثير | P14: يتجاوز التوقعات بكثير | Q14: يتجاوز التوقعات بكثير | R14: يتجاوز التوقعات بكثير | S14: يتجاوز التوقعات بكثير | T14: يتجاوز التوقعات بكثير | U14: يتجاوز التوقعات بكثير | V14: يتجاوز التوقعات بكثير | W14: يتجاوز التوقعات | X14: يتجاوز التوقعات بكثير | Y14: يتجاوز التوقعات بكثير | Z14: يتجاوز التوقعات بكثير | AA14: يتجاوز التوقعات بكثير | AB14: يتجاوز التوقعات بكثير | AC14: يتجاوز التوقعات بكثير | AD14: يتجاوز التوقعات بكثير | AE14: يتجاوز التوقعات بكثير | AF14: يتجاوز التوقعات بكثير | AG14: استراتيجيات تعليم وتعلم متنوعة ومبتكرة | AH14: - | CK14: =IF(AND(Main!AA14="يتجاوز التوقعات بكثير", Main!AB14="يتجاوز التوقعات بكثير"), "يتجاوز التوقعات بكثير", IF(OR(AND(Main!AA14="يتجاوز التوقعات بكثير", Main!AB14="يتجاوز التوقعات"), AND(Main!AA14="يتجاوز التوقعات", Main!AB14="يتجاوز التوقعات بكثير")), "يتجاوز التوقعات", IF(AND(Main!AA14="يتجاوز التوقعات", Main!AB14="يتجاوز التوقعات"), "يتجاوز التوقعات", IF(OR(AND(Main!AA14="يتجاوز التوقعات", Main!AB14="يفي بالتوقعات"), AND(Main!AA14="يفي بالتوقعات", Main!AB14="يتجاوز التوقعات")), "يفي بالتوقعات", IF(AND(Main!AA14="يفي بالتوقعات", Main!AB14="يفي بالتوقعات"), "يفي بالتوقعات", IF(OR(AND(Main!AA14="يفي بالتوقعات", Main!AB14="يفي بالتوقعات جزئياً"), AND(Main!AA14="يفي بالتوقعات جزئياً", Main!AB14="يفي بالتوقعات")), "يفي بالتوقعات جزئياً", IF(AND(Main!AA14="يفي بالتوقعات جزئياً", Main!AB14="يفي بالتوقعات جزئياً"), "يفي بالتوقعات جزئياً", "" ))))))) -> يتجاوز التوقعات بكثير | CL14: =IF(AND(Main!AZ14="يتجاوز التوقعات بكثير", Main!BA14="يتجاوز التوقعات بكثير"), "يتجاوز التوقعات بكثير", IF(OR(AND(Main!AZ14="يتجاوز التوقعات بكثير", Main!BA14="يتجاوز التوقعات"), AND(Main!AZ14="يتجاوز التوقعات", Main!BA14="يتجاوز التوقعات بكثير")), "يتجاوز التوقعات", IF(AND(Main!AZ14="يتجاوز التوقعات", Main!BA14="يتجاوز التوقعات"), "يتجاوز التوقعات", IF(OR(AND(Main!AZ14="يتجاوز التوقعات", Main!BA14="يفي بالتوقعات"), AND(Main!AZ14="يفي بالتوقعات", Main!BA14="يتجاوز التوقعات")), "يفي بالتوقعات", IF(AND(Main!AZ14="يفي بالتوقعات", Main!BA14="يفي بالتوقعات"), "يفي بالتوقعات", IF(OR(AND(Main!AZ14="يفي بالتوقعات", Main!BA14="يفي بالتوقعات جزئياً"), AND(Main!AZ14="يفي بالتوقعات جزئياً", Main!BA14="يفي بالتوقعات")), "يفي بالتوقعات جزئياً", IF(AND(Main!AZ14="يفي بالتوقعات جزئياً", Main!BA14="يفي بالتوقعات جزئياً"), "يفي بالتوقعات جزئياً", "" )))))))
A15: 79 | B15: 45811.392 | C15: 45811.394 | D15: 840101929@moe.bh | E15: FATEMA ABDULAMEER ABDULLA HASAN | F15: رنى فرحان عوض بني خالد | G15: قسم المواد الاجتماعية | H15: 2024-2025 | J15: الفصل الدراسي الأول | K15: زيارات القيادة العليا للقيادة الوسطى | N15: الزيارة الثانية | O15: يتجاوز التوقعات بكثير | P15: يتجاوز التوقعات بكثير | Q15: يتجاوز التوقعات بكثير | R15: يتجاوز التوقعات بكثير | S15: يتجاوز التوقعات بكثير | T15: يتجاوز التوقعات بكثير | U15: يتجاوز التوقعات بكثير | V15: يتجاوز التوقعات بكثير | W15: يتجاوز التوقعات بكثير | X15: يتجاوز التوقعات بكثير | Y15: يتجاوز التوقعات بكثير | Z15: يتجاوز التوقعات بكثير | AA15: يتجاوز التوقعات بكثير | AB15: يتجاوز التوقعات بكثير | AC15: يتجاوز التوقعات بكثير | AD15: يتجاوز التوقعات بكثير | AE15: يتجاوز التوقعات بكثير | AF15: يتجاوز التوقعات بكثير | AG15: اداء متميز للموقف التعليمي ومتسلسل يحتوي جميع عناصر الدرس الجيد | AH15: . | CK15: =IF(AND(Main!AA15="يتجاوز التوقعات بكثير", Main!AB15="يتجاوز التوقعات بكثير"), "يتجاوز التوقعات بكثير", IF(OR(AND(Main!AA15="يتجاوز التوقعات بكثير", Main!AB15="يتجاوز التوقعات"), AND(Main!AA15="يتجاوز التوقعات", Main!AB15="يتجاوز التوقعات بكثير")), "يتجاوز التوقعات", IF(AND(Main!AA15="يتجاوز التوقعات", Main!AB15="يتجاوز التوقعات"), "يتجاوز التوقعات", IF(OR(AND(Main!AA15="يتجاوز التوقعات", Main!AB15="يفي بالتوقعات"), AND(Main!AA15="يفي بالتوقعات", Main!AB15="يتجاوز التوقعات")), "يفي بالتوقعات", IF(AND(Main!AA15="يفي بالتوقعات", Main!AB15="يفي بالتوقعات"), "يفي بالتوقعات", IF(OR(AND(Main!AA15="يفي بالتوقعات", Main!AB15="يفي بالتوقعات جزئياً"), AND(Main!AA15="يفي بالتوقعات جزئياً", Main!AB15="يفي بالتوقعات")), "يفي بالتوقعات جزئياً", IF(AND(Main!AA15="يفي بالتوقعات جزئياً", Main!AB15="يفي بالتوقعات جزئياً"), "يفي بالتوقعات جزئياً", "" ))))))) -> يتجاوز التوقعات بكثير | CL15: =IF(AND(Main!AZ15="يتجاوز التوقعات بكثير", Main!BA15="يتجاوز التوقعات بكثير"), "يتجاوز التوقعات بكثير", IF(OR(AND(Main!AZ15="يتجاوز التوقعات بكثير", Main!BA15="يتجاوز التوقعات"), AND(Main!AZ15="يتجاوز التوقعات", Main!BA15="يتجاوز التوقعات بكثير")), "يتجاوز التوقعات", IF(AND(Main!AZ15="يتجاوز التوقعات", Main!BA15="يتجاوز التوقعات"), "يتجاوز التوقعات", IF(OR(AND(Main!AZ15="يتجاوز التوقعات", Main!BA15="يفي بالتوقعات"), AND(Main!AZ15="يفي بالتوقعات", Main!BA15="يتجاوز التوقعات")), "يفي بالتوقعات", IF(AND(Main!AZ15="يفي بالتوقعات", Main!BA15="يفي بالتوقعات"), "يفي بالتوقعات", IF(OR(AND(Main!AZ15="يفي بالتوقعات", Main!BA15="يفي بالتوقعات جزئياً"), AND(Main!AZ15="يفي بالتوقعات جزئياً", Main!BA15="يفي بالتوقعات")), "يفي بالتوقعات جزئياً", IF(AND(Main!AZ15="يفي بالتوقعات جزئياً", Main!BA15="يفي بالتوقعات جزئياً"), "يفي بالتوقعات جزئياً", "" )))))))
A16: 80 | B16: 45811.391 | C16: 45811.394 | D16: 841204802@moe.bh | E16: RUQAYAH YOUSIF ABDULLA SHARIF | F16: رقية يوسف عبدا لله شريف | G16: قسم اللغة الانجليزية | H16: 2024-2025 | J16: الفصل الدراسي الأول | K16: زيارات القيادة العليا للقيادة الوسطى | N16: الزيارة الأولى | O16: يتجاوز التوقعات بكثير | P16: يتجاوز التوقعات بكثير | Q16: يتجاوز التوقعات بكثير | R16: يتجاوز التوقعات بكثير | S16: يتجاوز التوقعات بكثير | T16: يتجاوز التوقعات بكثير | U16: يتجاوز التوقعات بكثير | V16: يتجاوز التوقعات بكثير | W16: يتجاوز التوقعات بكثير | X16: يتجاوز التوقعات بكثير | Y16: يتجاوز التوقعات بكثير | Z16: يتجاوز التوقعات بكثير | AA16: يتجاوز التوقعات بكثير | AB16: يتجاوز التوقعات بكثير | AC16: يتجاوز التوقعات بكثير | AD16: يتجاوز التوقعات بكثير | AE16: يتجاوز التوقعات بكثير | AF16: يتجاوز التوقعات بكثير | AG16: 1. تنوع الاستراتيحيات 2. مراعاة الفروق الفردية 3. الاستفادة من نتائج التقويم في دعم الفئات بشكل فعال | AH16: - | CK16: =IF(AND(Main!AA16="يتجاوز التوقعات بكثير", Main!AB16="يتجاوز التوقعات بكثير"), "يتجاوز التوقعات بكثير", IF(OR(AND(Main!AA16="يتجاوز التوقعات بكثير", Main!AB16="يتجاوز التوقعات"), AND(Main!AA16="يتجاوز التوقعات", Main!AB16="يتجاوز التوقعات بكثير")), "يتجاوز التوقعات", IF(AND(Main!AA16="يتجاوز التوقعات", Main!AB16="يتجاوز التوقعات"), "يتجاوز التوقعات", IF(OR(AND(Main!AA16="يتجاوز التوقعات", Main!AB16="يفي بالتوقعات"), AND(Main!AA16="يفي بالتوقعات", Main!AB16="يتجاوز التوقعات")), "يفي بالتوقعات", IF(AND(Main!AA16="يفي بالتوقعات", Main!AB16="يفي بالتوقعات"), "يفي بالتوقعات", IF(OR(AND(Main!AA16="يفي بالتوقعات", Main!AB16="يفي بالتوقعات جزئياً"), AND(Main!AA16="يفي بالتوقعات جزئياً", Main!AB16="يفي بالتوقعات")), "يفي بالتوقعات جزئياً", IF(AND(Main!AA16="يفي بالتوقعات جزئياً", Main!AB16="يفي بالتوقعات جزئياً"), "يفي بالتوقعات جزئياً", "" ))))))) -> يتجاوز التوقعات بكثير | CL16: =IF(AND(Main!AZ16="يتجاوز التوقعات بكثير", Main!BA16="يتجاوز التوقعات بكثير"), "يتجاوز التوقعات بكثير", IF(OR(AND(Main!AZ16="يتجاوز التوقعات بكثير", Main!BA16="يتجاوز التوقعات"), AND(Main!AZ16="يتجاوز التوقعات", Main!BA16="يتجاوز التوقعات بكثير")), "يتجاوز التوقعات", IF(AND(Main!AZ16="يتجاوز التوقعات", Main!BA16="يتجاوز التوقعات"), "يتجاوز التوقعات", IF(OR(AND(Main!AZ16="يتجاوز التوقعات", Main!BA16="يفي بالتوقعات"), AND(Main!AZ16="يفي بالتوقعات", Main!BA16="يتجاوز التوقعات")), "يفي بالتوقعات", IF(AND(Main!AZ16="يفي بالتوقعات", Main!BA16="يفي بالتوقعات"), "يفي بالتوقعات", IF(OR(AND(Main!AZ16="يفي بالتوقعات", Main!BA16="يفي بالتوقعات جزئياً"), AND(Main!AZ16="يفي بالتوقعات جزئياً", Main!BA16="يفي بالتوقعات")), "يفي بالتوقعات جزئياً", IF(AND(Main!AZ16="يفي بالتوقعات جزئياً", Main!BA16="يفي بالتوقعات جزئياً"), "يفي بالتوقعات جزئياً", "" )))))))
A17: 81 | B17: 45811.393 | C17: 45811.395 | D17: 890302057@moe.bh | E17: Afaf Hussain Ahmed Ebrahim Hussain Ahmed Ebrahim | F17: بشرى عبدالكريم يحيي | G17: قسم الحاسب الآلي | H17: 2024-2025 | J17: الفصل الدراسي الأول | K17: زيارات القيادة الوسطى لجميع المعلمات | M17: استمارة الزيارة الصفية | N17: الزيارة الثالثة | O17: يتجاوز التوقعات بكثير | P17: يتجاوز التوقعات بكثير | Q17: يتجاوز التوقعات بكثير | R17: يتجاوز التوقعات | S17: يتجاوز التوقعات بكثير | T17: يتجاوز التوقعات بكثير | U17: يتجاوز التوقعات | V17: يتجاوز التوقعات بكثير | W17: يتجاوز التوقعات بكثير | X17: يتجاوز التوقعات بكثير | Y17: يتجاوز التوقعات بكثير | Z17: يتجاوز التوقعات بكثير | AA17: يتجاوز التوقعات | AB17: يتجاوز التوقعات بكثير | AC17: يتجاوز التوقعات بكثير | AD17: يتجاوز التوقعات بكثير | AE17: يتجاوز التوقعات بكثير | AF17: يتجاوز التوقعات بكثير | AG17: تدريب الطالبات على المهارات بشكل منظم ومبتكر | AH17: - | CK17: =IF(AND(Main!AA17="يتجاوز التوقعات بكثير", Main!AB17="يتجاوز التوقعات بكثير"), "يتجاوز التوقعات بكثير", IF(OR(AND(Main!AA17="يتجاوز التوقعات بكثير", Main!AB17="يتجاوز التوقعات"), AND(Main!AA17="يتجاوز التوقعات", Main!AB17="يتجاوز التوقعات بكثير")), "يتجاوز التوقعات", IF(AND(Main!AA17="يتجاوز التوقعات", Main!AB17="يتجاوز التوقعات"), "يتجاوز التوقعات", IF(OR(AND(Main!AA17="يتجاوز التوقعات", Main!AB17="يفي بالتوقعات"), AND(Main!AA17="يفي بالتوقعات", Main!AB17="يتجاوز التوقعات")), "يفي بالتوقعات", IF(AND(Main!AA17="يفي بالتوقعات", Main!AB17="يفي بالتوقعات"), "يفي بالتوقعات", IF(OR(AND(Main!AA17="يفي بالتوقعات", Main!AB17="يفي بالتوقعات جزئياً"), AND(Main!AA17="يفي بالتوقعات جزئياً", Main!AB17="يفي بالتوقعات")), "يفي بالتوقعات جزئياً", IF(AND(Main!AA17="يفي بالتوقعات جزئياً", Main!AB17="يفي بالتوقعات جزئياً"), "يفي بالتوقعات جزئياً", "" ))))))) -> يتجاوز التوقعات | CL17: =IF(AND(Main!AZ17="يتجاوز التوقعات بكثير", Main!BA17="يتجاوز التوقعات بكثير"), "يتجاوز التوقعات بكثير", IF(OR(AND(Main!AZ17="يتجاوز التوقعات بكثير", Main!BA17="يتجاوز التوقعات"), AND(Main!AZ17="يتجاوز التوقعات", Main!BA17="يتجاوز التوقعات بكثير")), "يتجاوز التوقعات", IF(AND(Main!AZ17="يتجاوز التوقعات", Main!BA17="يتجاوز التوقعات"), "يتجاوز التوقعات", IF(OR(AND(Main!AZ17="يتجاوز التوقعات", Main!BA17="يفي بالتوقعات"), AND(Main!AZ17="يفي بالتوقعات", Main!BA17="يتجاوز التوقعات")), "يفي بالتوقعات", IF(AND(Main!AZ17="يفي بالتوقعات", Main!BA17="يفي بالتوقعات"), "يفي بالتوقعات", IF(OR(AND(Main!AZ17="يفي بالتوقعات", Main!BA17="يفي بالتوقعات جزئياً"), AND(Main!AZ17="يفي بالتوقعات جزئياً", Main!BA17="يفي بالتوقعات")), "يفي بالتوقعات جزئياً", IF(AND(Main!AZ17="يفي بالتوقعات جزئياً", Main!BA17="يفي بالتوقعات جزئياً"), "يفي بالتوقعات جزئياً", "" )))))))
A18: 82 | B18: 45811.394 | C18: 45811.397 | D18: 841204802@moe.bh | E18: RUQAYAH YOUSIF ABDULLA SHARIF | F18: رقية يوسف عبدا لله شريف | G18: قسم اللغة الانجليزية | H18: 2024-2025 | J18: الفصل الدراسي الأول | K18: زيارات القيادة العليا للقيادة الوسطى | N18: الزيارة الثانية | O18: يتجاوز التوقعات بكثير | P18: يتجاوز التوقعات بكثير | Q18: يتجاوز التوقعات بكثير | R18: يتجاوز التوقعات بكثير | S18: يتجاوز التوقعات بكثير | T18: يتجاوز التوقعات بكثير | U18: يتجاوز التوقعات بكثير | V18: يتجاوز التوقعات بكثير | W18: يتجاوز التوقعات بكثير | X18: يتجاوز التوقعات بكثير | Y18: يتجاوز التوقعات بكثير | Z18: يتجاوز التوقعات بكثير | AA18: يتجاوز التوقعات بكثير | AB18: يتجاوز التوقعات بكثير | AC18: يتجاوز التوقعات بكثير | AD18: يتجاوز التوقعات بكثير | AE18: يتجاوز التوقعات بكثير | AF18: يتجاوز التوقعات بكثير | AG18: 1. تنوع اساليب التحفيز عبر بطاقات النسح وملصقات تشجيعية 2. اظهار الطالبات مهاراتهن من خلال إعداد استبانة عن القراءة وعرض نتائجها كنشاط استهلالي بالاضافة اللى اجراء مقابلة بين طالبة وقارئة حول عادات القراءة وعرض مسابقة بعد المقابلة 3. تدريب الطالبات على مهارات اللغة الانجليزية "الاستماع والقراءة و الكتابة والتحدث" في حصة واحدة | AH18: 1. اظهار الدعم الاكاديمي بشكل اوضح بعد نشاط التقييم للطالبات اللاتي اخفقن | CK18: =IF(AND(Main!AA18="يتجاوز التوقعات بكثير", Main!AB18="يتجاوز التوقعات بكثير"), "يتجاوز التوقعات بكثير", IF(OR(AND(Main!AA18="يتجاوز التوقعات بكثير", Main!AB18="يتجاوز التوقعات"), AND(Main!AA18="يتجاوز التوقعات", Main!AB18="يتجاوز التوقعات بكثير")), "يتجاوز التوقعات", IF(AND(Main!AA18="يتجاوز التوقعات", Main!AB18="يتجاوز التوقعات"), "يتجاوز التوقعات", IF(OR(AND(Main!AA18="يتجاوز التوقعات", Main!AB18="يفي بالتوقعات"), AND(Main!AA18="يفي بالتوقعات", Main!AB18="يتجاوز التوقعات")), "يفي بالتوقعات", IF(AND(Main!AA18="يفي بالتوقعات", Main!AB18="يفي بالتوقعات"), "يفي بالتوقعات", IF(OR(AND(Main!AA18="يفي بالتوقعات", Main!AB18="يفي بالتوقعات جزئياً"), AND(Main!AA18="يفي بالتوقعات جزئياً", Main!AB18="يفي بالتوقعات")), "يفي بالتوقعات جزئياً", IF(AND(Main!AA18="يفي بالتوقعات جزئياً", Main!AB18="يفي بالتوقعات جزئياً"), "يفي بالتوقعات جزئياً", "" ))))))) -> يتجاوز التوقعات بكثير | CL18: =IF(AND(Main!AZ18="يتجاوز التوقعات بكثير", Main!BA18="يتجاوز التوقعات بكثير"), "يتجاوز التوقعات بكثير", IF(OR(AND(Main!AZ18="يتجاوز التوقعات بكثير", Main!BA18="يتجاوز التوقعات"), AND(Main!AZ18="يتجاوز التوقعات", Main!BA18="يتجاوز التوقعات بكثير")), "يتجاوز التوقعات", IF(AND(Main!AZ18="يتجاوز التوقعات", Main!BA18="يتجاوز التوقعات"), "يتجاوز التوقعات", IF(OR(AND(Main!AZ18="يتجاوز التوقعات", Main!BA18="يفي بالتوقعات"), AND(Main!AZ18="يفي بالتوقعات", Main!BA18="يتجاوز التوقعات")), "يفي بالتوقعات", IF(AND(Main!AZ18="يفي بالتوقعات", Main!BA18="يفي بالتوقعات"), "يفي بالتوقعات", IF(OR(AND(Main!AZ18="يفي بالتوقعات", Main!BA18="يفي بالتوقعات جزئياً"), AND(Main!AZ18="يفي بالتوقعات جزئياً", Main!BA18="يفي بالتوقعات")), "يفي بالتوقعات جزئياً", IF(AND(Main!AZ18="يفي بالتوقعات جزئياً", Main!BA18="يفي بالتوقعات جزئياً"), "يفي بالتوقعات جزئياً", "" )))))))
A19: 83 | B19: 45811.395 | C19: 45811.398 | D19: 840101929@moe.bh | E19: FATEMA ABDULAMEER ABDULLA HASAN | F19: رنى فرحان عوض بني خالد | G19: قسم المواد الاجتماعية | H19: 2024-2025 | J19: الفصل الدراسي الأول | K19: زيارات القيادة العليا للقيادة الوسطى | N19: الزيارة الثانية | O19: يتجاوز التوقعات بكثير | P19: يتجاوز التوقعات بكثير | Q19: يتجاوز التوقعات بكثير | R19: يتجاوز التوقعات بكثير | S19: يتجاوز التوقعات بكثير | T19: يتجاوز التوقعات بكثير | U19: يتجاوز التوقعات بكثير | V19: يتجاوز التوقعات بكثير | W19: يتجاوز التوقعات بكثير | X19: يتجاوز التوقعات بكثير | Y19: يتجاوز التوقعات بكثير | Z19: يتجاوز التوقعات بكثير | AA19: يتجاوز التوقعات بكثير | AB19: يتجاوز التوقعات بكثير | AC19: يتجاوز التوقعات بكثير | AD19: يتجاوز التوقعات بكثير | AE19: يتجاوز التوقعات بكثير | AF19: يتجاوز التوقعات بكثير | AG19: اداء متميز للموقف التعليمي ومتسلسل يحتوي على جميع عناصر الدرس الجيد | AH19: . | CK19: =IF(AND(Main!AA19="يتجاوز التوقعات بكثير", Main!AB19="يتجاوز التوقعات بكثير"), "يتجاوز التوقعات بكثير", IF(OR(AND(Main!AA19="يتجاوز التوقعات بكثير", Main!AB19="يتجاوز التوقعات"), AND(Main!AA19="يتجاوز التوقعات", Main!AB19="يتجاوز التوقعات بكثير")), "يتجاوز التوقعات", IF(AND(Main!AA19="يتجاوز التوقعات", Main!AB19="يتجاوز التوقعات"), "يتجاوز التوقعات", IF(OR(AND(Main!AA19="يتجاوز التوقعات", Main!AB19="يفي بالتوقعات"), AND(Main!AA19="يفي بالتوقعات", Main!AB19="يتجاوز التوقعات")), "يفي بالتوقعات", IF(AND(Main!AA19="يفي بالتوقعات", Main!AB19="يفي بالتوقعات"), "يفي بالتوقعات", IF(OR(AND(Main!AA19="يفي بالتوقعات", Main!AB19="يفي بالتوقعات جزئياً"), AND(Main!AA19="يفي بالتوقعات جزئياً", Main!AB19="يفي بالتوقعات")), "يفي بالتوقعات جزئياً", IF(AND(Main!AA19="يفي بالتوقعات جزئياً", Main!AB19="يفي بالتوقعات جزئياً"), "يفي بالتوقعات جزئياً", "" ))))))) -> يتجاوز التوقعات بكثير | CL19: =IF(AND(Main!AZ19="يتجاوز التوقعات بكثير", Main!BA19="يتجاوز التوقعات بكثير"), "يتجاوز التوقعات بكثير", IF(OR(AND(Main!AZ19="يتجاوز التوقعات بكثير", Main!BA19="يتجاوز التوقعات"), AND(Main!AZ19="يتجاوز التوقعات", Main!BA19="يتجاوز التوقعات بكثير")), "يتجاوز التوقعات", IF(AND(Main!AZ19="يتجاوز التوقعات", Main!BA19="يتجاوز التوقعات"), "يتجاوز التوقعات", IF(OR(AND(Main!AZ19="يتجاوز التوقعات", Main!BA19="يفي بالتوقعات"), AND(Main!AZ19="يفي بالتوقعات", Main!BA19="يتجاوز التوقعات")), "يفي بالتوقعات", IF(AND(Main!AZ19="يفي بالتوقعات", Main!BA19="يفي بالتوقعات"), "يفي بالتوقعات", IF(OR(AND(Main!AZ19="يفي بالتوقعات", Main!BA19="يفي بالتوقعات جزئياً"), AND(Main!AZ19="يفي بالتوقعات جزئياً", Main!BA19="يفي بالتوقعات")), "يفي بالتوقعات جزئياً", IF(AND(Main!AZ19="يفي بالتوقعات جزئياً", Main!BA19="يفي بالتوقعات جزئياً"), "يفي بالتوقعات جزئياً", "" )))))))
A20: 85 | B20: 45811.398 | C20: 45811.4 | D20: 841204802@moe.bh | E20: RUQAYAH YOUSIF ABDULLA SHARIF | F20: رقية يوسف عبدا لله شريف | G20: قسم اللغة الانجليزية | H20: 2024-2025 | J20: الفصل الدراسي الأول | K20: زيارات القيادة العليا للقيادة الوسطى | N20: الزيارة الثالثة | O20: يتجاوز التوقعات بكثير | P20: يتجاوز التوقعات بكثير | Q20: يتجاوز التوقعات بكثير | R20: يتجاوز التوقعات بكثير | S20: يتجاوز التوقعات بكثير | T20: يتجاوز التوقعات بكثير | U20: يتجاوز التوقعات بكثير | V20: يتجاوز التوقعات بكثير | W20: يتجاوز التوقعات بكثير | X20: يتجاوز التوقعات بكثير | Y20: يتجاوز التوقعات بكثير | Z20: يتجاوز التوقعات بكثير | AA20: يتجاوز التوقعات بكثير | AB20: يتجاوز التوقعات بكثير | AC20: يتجاوز التوقعات بكثير | AD20: يتجاوز التوقعات بكثير | AE20: يتجاوز التوقعات بكثير | AF20: يتجاوز التوقعات بكثير | AG20: 1. تنوع وتمايز الانشطة المقدمة 2. وضوح فاعل للادوار القيادية طوال الحصة 3. تنوع وفعالية استراتيجيات التعلم | AH20: - | CK20: =IF(AND(Main!AA20="يتجاوز التوقعات بكثير", Main!AB20="يتجاوز التوقعات بكثير"), "يتجاوز التوقعات بكثير", IF(OR(AND(Main!AA20="يتجاوز التوقعات بكثير", Main!AB20="يتجاوز التوقعات"), AND(Main!AA20="يتجاوز التوقعات", Main!AB20="يتجاوز التوقعات بكثير")), "يتجاوز التوقعات", IF(AND(Main!AA20="يتجاوز التوقعات", Main!AB20="يتجاوز التوقعات"), "يتجاوز التوقعات", IF(OR(AND(Main!AA20="يتجاوز التوقعات", Main!AB20="يفي بالتوقعات"), AND(Main!AA20="يفي بالتوقعات", Main!AB20="يتجاوز التوقعات")), "يفي بالتوقعات", IF(AND(Main!AA20="يفي بالتوقعات", Main!AB20="يفي بالتوقعات"), "يفي بالتوقعات", IF(OR(AND(Main!AA20="يفي بالتوقعات", Main!AB20="يفي بالتوقعات جزئياً"), AND(Main!AA20="يفي بالتوقعات جزئياً", Main!AB20="يفي بالتوقعات")), "يفي بالتوقعات جزئياً", IF(AND(Main!AA20="يفي بالتوقعات جزئياً", Main!AB20="يفي بالتوقعات جزئياً"), "يفي بالتوقعات جزئياً", "" ))))))) -> يتجاوز التوقعات بكثير | CL20: =IF(AND(Main!AZ20="يتجاوز التوقعات بكثير", Main!BA20="يتجاوز التوقعات بكثير"), "يتجاوز التوقعات بكثير", IF(OR(AND(Main!AZ20="يتجاوز التوقعات بكثير", Main!BA20="يتجاوز التوقعات"), AND(Main!AZ20="يتجاوز التوقعات", Main!BA20="يتجاوز التوقعات بكثير")), "يتجاوز التوقعات", IF(AND(Main!AZ20="يتجاوز التوقعات", Main!BA20="يتجاوز التوقعات"), "يتجاوز التوقعات", IF(OR(AND(Main!AZ20="يتجاوز التوقعات", Main!BA20="يفي بالتوقعات"), AND(Main!AZ20="يفي بالتوقعات", Main!BA20="يتجاوز التوقعات")), "يفي بالتوقعات", IF(AND(Main!AZ20="يفي بالتوقعات", Main!BA20="يفي بالتوقعات"), "يفي بالتوقعات", IF(OR(AND(Main!AZ20="يفي بالتوقعات", Main!BA20="يفي بالتوقعات جزئياً"), AND(Main!AZ20="يفي بالتوقعات جزئياً", Main!BA20="يفي بالتوقعات")), "يفي بالتوقعات جزئياً", IF(AND(Main!AZ20="يفي بالتوقعات جزئياً", Main!BA20="يفي بالتوقعات جزئياً"), "يفي بالتوقعات جزئياً", "" )))))))
A21: 86 | B21: 45811.4 | C21: 45811.401 | D21: 840101929@moe.bh | E21: FATEMA ABDULAMEER ABDULLA HASAN | F21: علياء محمد احمد فردان | G21: قسم المواد الاجتماعية | H21: 2024-2025 | J21: الفصل الدراسي الأول | K21: زيارات القيادة الوسطى لجميع المعلمات | M21: استمارة الزيارة الصفية | N21: الزيارة الثانية | O21: يتجاوز التوقعات بكثير | P21: يتجاوز التوقعات بكثير | Q21: يتجاوز التوقعات بكثير | R21: يتجاوز التوقعات بكثير | S21: يتجاوز التوقعات بكثير | T21: يتجاوز التوقعات بكثير | U21: يتجاوز التوقعات بكثير | V21: يتجاوز التوقعات بكثير | W21: يتجاوز التوقعات بكثير | X21: يتجاوز التوقعات بكثير | Y21: يتجاوز التوقعات بكثير | Z21: يتجاوز التوقعات بكثير | AA21: يتجاوز التوقعات بكثير | AB21: يتجاوز التوقعات بكثير | AC21: يتجاوز التوقعات بكثير | AD21: يتجاوز التوقعات بكثير | AE21: يتجاوز التوقعات بكثير | AF21: يتجاوز التوقعات بكثير | AG21: اداء متميز للموقف التعليمي ومتسلسل ويحتوي على جميع عناصر الدرس الجيد | AH21: . | CK21: =IF(AND(Main!AA21="يتجاوز التوقعات بكثير", Main!AB21="يتجاوز التوقعات بكثير"), "يتجاوز التوقعات بكثير", IF(OR(AND(Main!AA21="يتجاوز التوقعات بكثير", Main!AB21="يتجاوز التوقعات"), AND(Main!AA21="يتجاوز التوقعات", Main!AB21="يتجاوز التوقعات بكثير")), "يتجاوز التوقعات", IF(AND(Main!AA21="يتجاوز التوقعات", Main!AB21="يتجاوز التوقعات"), "يتجاوز التوقعات", IF(OR(AND(Main!AA21="يتجاوز التوقعات", Main!AB21="يفي بالتوقعات"), AND(Main!AA21="يفي بالتوقعات", Main!AB21="يتجاوز التوقعات")), "يفي بالتوقعات", IF(AND(Main!AA21="يفي بالتوقعات", Main!AB21="يفي بالتوقعات"), "يفي بالتوقعات", IF(OR(AND(Main!AA21="يفي بالتوقعات", Main!AB21="يفي بالتوقعات جزئياً"), AND(Main!AA21="يفي بالتوقعات جزئياً", Main!AB21="يفي بالتوقعات")), "يفي بالتوقعات جزئياً", IF(AND(Main!AA21="يفي بالتوقعات جزئياً", Main!AB21="يفي بالتوقعات جزئياً"), "يفي بالتوقعات جزئياً", "" ))))))) -> يتجاوز التوقعات بكثير | CL21: =IF(AND(Main!AZ21="يتجاوز التوقعات بكثير", Main!BA21="يتجاوز التوقعات بكثير"), "يتجاوز التوقعات بكثير", IF(OR(AND(Main!AZ21="يتجاوز التوقعات بكثير", Main!BA21="يتجاوز التوقعات"), AND(Main!AZ21="يتجاوز التوقعات", Main!BA21="يتجاوز التوقعات بكثير")), "يتجاوز التوقعات", IF(AND(Main!AZ21="يتجاوز التوقعات", Main!BA21="يتجاوز التوقعات"), "يتجاوز التوقعات", IF(OR(AND(Main!AZ21="يتجاوز التوقعات", Main!BA21="يفي بالتوقعات"), AND(Main!AZ21="يفي بالتوقعات", Main!BA21="يتجاوز التوقعات")), "يفي بالتوقعات", IF(AND(Main!AZ21="يفي بالتوقعات", Main!BA21="يفي بالتوقعات"), "يفي بالتوقعات", IF(OR(AND(Main!AZ21="يفي بالتوقعات", Main!BA21="يفي بالتوقعات جزئياً"), AND(Main!AZ21="يفي بالتوقعات جزئياً", Main!BA21="يفي بالتوقعات")), "يفي بالتوقعات جزئياً", IF(AND(Main!AZ21="يفي بالتوقعات جزئياً", Main!BA21="يفي بالتوقعات جزئياً"), "يفي بالتوقعات جزئياً", "" )))))))
A22: 87 | B22: 45811.4 | C22: 45811.402 | D22: 841204802@moe.bh | E22: RUQAYAH YOUSIF ABDULLA SHARIF | F22: إيمان أحمد حسن | G22: قسم اللغة الانجليزية | H22: 2024-2025 | J22: الفصل الدراسي الأول | K22: زيارات القيادة الوسطى لجميع المعلمات | M22: استمارة الزيارة الصفية | N22: الزيارة الأولى | O22: يتجاوز التوقعات بكثير | P22: يتجاوز التوقعات بكثير | Q22: يتجاوز التوقعات بكثير | R22: يتجاوز التوقعات بكثير | S22: يتجاوز التوقعات بكثير | T22: يتجاوز التوقعات بكثير | U22: يتجاوز التوقعات بكثير | V22: يتجاوز التوقعات بكثير | W22: يتجاوز التوقعات بكثير | X22: يتجاوز التوقعات بكثير | Y22: يتجاوز التوقعات بكثير | Z22: يتجاوز التوقعات بكثير | AA22: يتجاوز التوقعات بكثير | AB22: يتجاوز التوقعات بكثير | AC22: يتجاوز التوقعات بكثير | AD22: يتجاوز التوقعات بكثير | AE22: يتجاوز التوقعات بكثير | AF22: يتجاوز التوقعات بكثير | AG22: 1. تنوع الاستراتيجيات 2. مراعاة الفروق الفردية 3. الاستقادة من نتائج التقويم 4. تفعيل الادوار القيادية للطالبات | AH22: - | CK22: =IF(AND(Main!AA22="يتجاوز التوقعات بكثير", Main!AB22="يتجاوز التوقعات بكثير"), "يتجاوز التوقعات بكثير", IF(OR(AND(Main!AA22="يتجاوز التوقعات بكثير", Main!AB22="يتجاوز التوقعات"), AND(Main!AA22="يتجاوز التوقعات", Main!AB22="يتجاوز التوقعات بكثير")), "يتجاوز التوقعات", IF(AND(Main!AA22="يتجاوز التوقعات", Main!AB22="يتجاوز التوقعات"), "يتجاوز التوقعات", IF(OR(AND(Main!AA22="يتجاوز التوقعات", Main!AB22="يفي بالتوقعات"), AND(Main!AA22="يفي بالتوقعات", Main!AB22="يتجاوز التوقعات")), "يفي بالتوقعات", IF(AND(Main!AA22="يفي بالتوقعات", Main!AB22="يفي بالتوقعات"), "يفي بالتوقعات", IF(OR(AND(Main!AA22="يفي بالتوقعات", Main!AB22="يفي بالتوقعات جزئياً"), AND(Main!AA22="يفي بالتوقعات جزئياً", Main!AB22="يفي بالتوقعات")), "يفي بالتوقعات جزئياً", IF(AND(Main!AA22="يفي بالتوقعات جزئياً", Main!AB22="يفي بالتوقعات جزئياً"), "يفي بالتوقعات جزئياً", "" ))))))) -> يتجاوز التوقعات بكثير | CL22: =IF(AND(Main!AZ22="يتجاوز التوقعات بكثير", Main!BA22="يتجاوز التوقعات بكثير"), "يتجاوز التوقعات بكثير", IF(OR(AND(Main!AZ22="يتجاوز التوقعات بكثير", Main!BA22="يتجاوز التوقعات"), AND(Main!AZ22="يتجاوز التوقعات", Main!BA22="يتجاوز التوقعات بكثير")), "يتجاوز التوقعات", IF(AND(Main!AZ22="يتجاوز التوقعات", Main!BA22="يتجاوز التوقعات"), "يتجاوز التوقعات", IF(OR(AND(Main!AZ22="يتجاوز التوقعات", Main!BA22="يفي بالتوقعات"), AND(Main!AZ22="يفي بالتوقعات", Main!BA22="يتجاوز التوقعات")), "يفي بالتوقعات", IF(AND(Main!AZ22="يفي بالتوقعات", Main!BA22="يفي بالتوقعات"), "يفي بالتوقعات", IF(OR(AND(Main!AZ22="يفي بالتوقعات", Main!BA22="يفي بالتوقعات جزئياً"), AND(Main!AZ22="يفي بالتوقعات جزئياً", Main!BA22="يفي بالتوقعات")), "يفي بالتوقعات جزئياً", IF(AND(Main!AZ22="يفي بالتوقعات جزئياً", Main!BA22="يفي بالتوقعات جزئياً"), "يفي بالتوقعات جزئياً", "" )))))))
A23: 88 | B23: 45811.388 | C23: 45811.402 | D23: 800906489@moe.bh | E23: Zainab Redha Hasan Ali | F23: زينب رضا حسن علي | G23: قسم المواد الاجتماعية | H23: 2024-2025 | J23: الفصل الدراسي الأول | K23: زيارات القيادة الوسطى لجميع المعلمات | M23: استمارة الزيارة الصفية | N23: الزيارة الأولى | O23: يتجاوز التوقعات بكثير | P23: يتجاوز التوقعات بكثير | Q23: يتجاوز التوقعات بكثير | R23: يتجاوز التوقعات بكثير | S23: يتجاوز التوقعات بكثير | T23: يتجاوز التوقعات بكثير | U23: يتجاوز التوقعات بكثير | V23: يتجاوز التوقعات بكثير | W23: يتجاوز التوقعات بكثير | X23: يتجاوز التوقعات بكثير | Y23: يتجاوز التوقعات بكثير | Z23: يتجاوز التوقعات بكثير | AA23: يتجاوز التوقعات بكثير | AB23: يتجاوز التوقعات بكثير | AC23: يتجاوز التوقعات بكثير | AD23: يتجاوز التوقعات بكثير | AE23: يتجاوز التوقعات بكثير | AF23: يتجاوز التوقعات بكثير | AG23: أداء متميز للموقف التعليمي ومتسلسل يحوي جميع عناصر الدرس الجيد | AH23: _ | CK23: =IF(AND(Main!AA23="يتجاوز التوقعات بكثير", Main!AB23="يتجاوز التوقعات بكثير"), "يتجاوز التوقعات بكثير", IF(OR(AND(Main!AA23="يتجاوز التوقعات بكثير", Main!AB23="يتجاوز التوقعات"), AND(Main!AA23="يتجاوز التوقعات", Main!AB23="يتجاوز التوقعات بكثير")), "يتجاوز التوقعات", IF(AND(Main!AA23="يتجاوز التوقعات", Main!AB23="يتجاوز التوقعات"), "يتجاوز التوقعات", IF(OR(AND(Main!AA23="يتجاوز التوقعات", Main!AB23="يفي بالتوقعات"), AND(Main!AA23="يفي بالتوقعات", Main!AB23="يتجاوز التوقعات")), "يفي بالتوقعات", IF(AND(Main!AA23="يفي بالتوقعات", Main!AB23="يفي بالتوقعات"), "يفي بالتوقعات", IF(OR(AND(Main!AA23="يفي بالتوقعات", Main!AB23="يفي بالتوقعات جزئياً"), AND(Main!AA23="يفي بالتوقعات جزئياً", Main!AB23="يفي بالتوقعات")), "يفي بالتوقعات جزئياً", IF(AND(Main!AA23="يفي بالتوقعات جزئياً", Main!AB23="يفي بالتوقعات جزئياً"), "يفي بالتوقعات جزئياً", "" ))))))) -> يتجاوز التوقعات بكثير | CL23: =IF(AND(Main!AZ23="يتجاوز التوقعات بكثير", Main!BA23="يتجاوز التوقعات بكثير"), "يتجاوز التوقعات بكثير", IF(OR(AND(Main!AZ23="يتجاوز التوقعات بكثير", Main!BA23="يتجاوز التوقعات"), AND(Main!AZ23="يتجاوز التوقعات", Main!BA23="يتجاوز التوقعات بكثير")), "يتجاوز التوقعات", IF(AND(Main!AZ23="يتجاوز التوقعات", Main!BA23="يتجاوز التوقعات"), "يتجاوز التوقعات", IF(OR(AND(Main!AZ23="يتجاوز التوقعات", Main!BA23="يفي بالتوقعات"), AND(Main!AZ23="يفي بالتوقعات", Main!BA23="يتجاوز التوقعات")), "يفي بالتوقعات", IF(AND(Main!AZ23="يفي بالتوقعات", Main!BA23="يفي بالتوقعات"), "يفي بالتوقعات", IF(OR(AND(Main!AZ23="يفي بالتوقعات", Main!BA23="يفي بالتوقعات جزئياً"), AND(Main!AZ23="يفي بالتوقعات جزئياً", Main!BA23="يفي بالتوقعات")), "يفي بالتوقعات جزئياً", IF(AND(Main!AZ23="يفي بالتوقعات جزئياً", Main!BA23="يفي بالتوقعات جزئياً"), "يفي بالتوقعات جزئياً", "" )))))))
A24: 89 | B24: 45811.402 | C24: 45811.403 | D24: 841204802@moe.bh | E24: RUQAYAH YOUSIF ABDULLA SHARIF | F24: إيمان أحمد حسن | G24: قسم اللغة الانجليزية | H24: 2024-2025 | J24: الفصل الدراسي الأول | K24: زيارات القيادة الوسطى لجميع المعلمات | M24: استمارة الزيارة الصفية | N24: الزيارة الثانية | O24: يتجاوز التوقعات بكثير | P24: يتجاوز التوقعات بكثير | Q24: يتجاوز التوقعات بكثير | R24: يتجاوز التوقعات بكثير | S24: يتجاوز التوقعات بكثير | T24: يتجاوز التوقعات بكثير | U24: يتجاوز التوقعات بكثير | V24: يتجاوز التوقعات بكثير | W24: يتجاوز التوقعات بكثير | X24: يتجاوز التوقعات بكثير | Y24: يتجاوز التوقعات بكثير | Z24: يتجاوز التوقعات بكثير | AA24: يتجاوز التوقعات بكثير | AB24: يتجاوز التوقعات بكثير | AC24: يتجاوز التوقعات بكثير | AD24: يتجاوز التوقعات بكثير | AE24: يتجاوز التوقعات بكثير | AF24: يتجاوز التوقعات بكثير | AG24: 1. تفعيل الادوار القيادية 2. مراعاة الفروق الفردية 3. تنوع اساليب التحفيز اللفظي والغير لفظي 4. تنوع الاستراتيجيات 5. استثمار الوقت بطريقة فعالة | AH24: - | CK24: =IF(AND(Main!AA24="يتجاوز التوقعات بكثير", Main!AB24="يتجاوز التوقعات بكثير"), "يتجاوز التوقعات بكثير", IF(OR(AND(Main!AA24="يتجاوز التوقعات بكثير", Main!AB24="يتجاوز التوقعات"), AND(Main!AA24="يتجاوز التوقعات", Main!AB24="يتجاوز التوقعات بكثير")), "يتجاوز التوقعات", IF(AND(Main!AA24="يتجاوز التوقعات", Main!AB24="يتجاوز التوقعات"), "يتجاوز التوقعات", IF(OR(AND(Main!AA24="يتجاوز التوقعات", Main!AB24="يفي بالتوقعات"), AND(Main!AA24="يفي بالتوقعات", Main!AB24="يتجاوز التوقعات")), "يفي بالتوقعات", IF(AND(Main!AA24="يفي بالتوقعات", Main!AB24="يفي بالتوقعات"), "يفي بالتوقعات", IF(OR(AND(Main!AA24="يفي بالتوقعات", Main!AB24="يفي بالتوقعات جزئياً"), AND(Main!AA24="يفي بالتوقعات جزئياً", Main!AB24="يفي بالتوقعات")), "يفي بالتوقعات جزئياً", IF(AND(Main!AA24="يفي بالتوقعات جزئياً", Main!AB24="يفي بالتوقعات جزئياً"), "يفي بالتوقعات جزئياً", "" ))))))) -> يتجاوز التوقعات بكثير | CL24: =IF(AND(Main!AZ24="يتجاوز التوقعات بكثير", Main!BA24="يتجاوز التوقعات بكثير"), "يتجاوز التوقعات بكثير", IF(OR(AND(Main!AZ24="يتجاوز التوقعات بكثير", Main!BA24="يتجاوز التوقعات"), AND(Main!AZ24="يتجاوز التوقعات", Main!BA24="يتجاوز التوقعات بكثير")), "يتجاوز التوقعات", IF(AND(Main!AZ24="يتجاوز التوقعات", Main!BA24="يتجاوز التوقعات"), "يتجاوز التوقعات", IF(OR(AND(Main!AZ24="يتجاوز التوقعات", Main!BA24="يفي بالتوقعات"), AND(Main!AZ24="يفي بالتوقعات", Main!BA24="يتجاوز التوقعات")), "يفي بالتوقعات", IF(AND(Main!AZ24="يفي بالتوقعات", Main!BA24="يفي بالتوقعات"), "يفي بالتوقعات", IF(OR(AND(Main!AZ24="يفي بالتوقعات", Main!BA24="يفي بالتوقعات جزئياً"), AND(Main!AZ24="يفي بالتوقعات جزئياً", Main!BA24="يفي بالتوقعات")), "يفي بالتوقعات جزئياً", IF(AND(Main!AZ24="يفي بالتوقعات جزئياً", Main!BA24="يفي بالتوقعات جزئياً"), "يفي بالتوقعات جزئياً", "" )))))))
A25: 90 | B25: 45811.403 | C25: 45811.405 | D25: 841204802@moe.bh | E25: RUQAYAH YOUSIF ABDULLA SHARIF | F25: إيمان أحمد حسن | G25: قسم اللغة الانجليزية | H25: 2024-2025 | J25: الفصل الدراسي الأول | K25: زيارات القيادة الوسطى لجميع المعلمات | M25: استمارة الزيارة الصفية | N25: الزيارة الثالثة | O25: يتجاوز التوقعات بكثير | P25: يتجاوز التوقعات بكثير | Q25: يتجاوز التوقعات بكثير | R25: يتجاوز التوقعات بكثير | S25: يتجاوز التوقعات بكثير | T25: يتجاوز التوقعات بكثير | U25: يتجاوز التوقعات بكثير | V25: يتجاوز التوقعات بكثير | W25: يتجاوز التوقعات بكثير | X25: يتجاوز التوقعات بكثير | Y25: يتجاوز التوقعات بكثير | Z25: يتجاوز التوقعات بكثير | AA25: يتجاوز التوقعات بكثير | AB25: يتجاوز التوقعات بكثير | AC25: يتجاوز التوقعات بكثير | AD25: يتجاوز التوقعات بكثير | AE25: يتجاوز التوقعات بكثير | AF25: يتجاوز التوقعات بكثير | AG25: 1. المعلمة مبدعة وعلاقتها وطيدة مع الطالباتط 2. استخدام استراتيجيات مختلفة والاستفادة من نتائج التقويم 3. تنوع اساليب التحفيز اللفظي والغير لفظي | AH25: - | CK25: =IF(AND(Main!AA25="يتجاوز التوقعات بكثير", Main!AB25="يتجاوز التوقعات بكثير"), "يتجاوز التوقعات بكثير", IF(OR(AND(Main!AA25="يتجاوز التوقعات بكثير", Main!AB25="يتجاوز التوقعات"), AND(Main!AA25="يتجاوز التوقعات", Main!AB25="يتجاوز التوقعات بكثير")), "يتجاوز التوقعات", IF(AND(Main!AA25="يتجاوز التوقعات", Main!AB25="يتجاوز التوقعات"), "يتجاوز التوقعات", IF(OR(AND(Main!AA25="يتجاوز التوقعات", Main!AB25="يفي بالتوقعات"), AND(Main!AA25="يفي بالتوقعات", Main!AB25="يتجاوز التوقعات")), "يفي بالتوقعات", IF(AND(Main!AA25="يفي بالتوقعات", Main!AB25="يفي بالتوقعات"), "يفي بالتوقعات", IF(OR(AND(Main!AA25="يفي بالتوقعات", Main!AB25="يفي بالتوقعات جزئياً"), AND(Main!AA25="يفي بالتوقعات جزئياً", Main!AB25="يفي بالتوقعات")), "يفي بالتوقعات جزئياً", IF(AND(Main!AA25="يفي بالتوقعات جزئياً", Main!AB25="يفي بالتوقعات جزئياً"), "يفي بالتوقعات جزئياً", "" ))))))) -> يتجاوز التوقعات بكثير | CL25: =IF(AND(Main!AZ25="يتجاوز التوقعات بكثير", Main!BA25="يتجاوز التوقعات بكثير"), "يتجاوز التوقعات بكثير", IF(OR(AND(Main!AZ25="يتجاوز التوقعات بكثير", Main!BA25="يتجاوز التوقعات"), AND(Main!AZ25="يتجاوز التوقعات", Main!BA25="يتجاوز التوقعات بكثير")), "يتجاوز التوقعات", IF(AND(Main!AZ25="يتجاوز التوقعات", Main!BA25="يتجاوز التوقعات"), "يتجاوز التوقعات", IF(OR(AND(Main!AZ25="يتجاوز التوقعات", Main!BA25="يفي بالتوقعات"), AND(Main!AZ25="يفي بالتوقعات", Main!BA25="يتجاوز التوقعات")), "يفي بالتوقعات", IF(AND(Main!AZ25="يفي بالتوقعات", Main!BA25="يفي بالتوقعات"), "يفي بالتوقعات", IF(OR(AND(Main!AZ25="يفي بالتوقعات", Main!BA25="يفي بالتوقعات جزئياً"), AND(Main!AZ25="يفي بالتوقعات جزئياً", Main!BA25="يفي بالتوقعات")), "يفي بالتوقعات جزئياً", IF(AND(Main!AZ25="يفي بالتوقعات جزئياً", Main!BA25="يفي بالتوقعات جزئياً"), "يفي بالتوقعات جزئياً", "" )))))))
A26: 91 | B26: 45811.401 | C26: 45811.407 | D26: 840101929@moe.bh | E26: FATEMA ABDULAMEER ABDULLA HASAN | F26: علياء محمد احمد فردان | G26: قسم المواد الاجتماعية | H26: 2024-2025 | J26: الفصل الدراسي الأول | K26: زيارات القيادة الوسطى لجميع المعلمات | M26: استمارة الزيارة الصفية | N26: الزيارة الثالثة | O26: يتجاوز التوقعات بكثير | P26: يتجاوز التوقعات بكثير | Q26: يتجاوز التوقعات بكثير | R26: يتجاوز التوقعات بكثير | S26: يتجاوز التوقعات بكثير | T26: يتجاوز التوقعات بكثير | U26: يتجاوز التوقعات بكثير | V26: يتجاوز التوقعات بكثير | W26: يتجاوز التوقعات بكثير | X26: يتجاوز التوقعات بكثير | Y26: يتجاوز التوقعات بكثير | Z26: يتجاوز التوقعات بكثير | AA26: يتجاوز التوقعات بكثير | AB26: يتجاوز التوقعات بكثير | AC26: يتجاوز التوقعات بكثير | AD26: يتجاوز التوقعات بكثير | AE26: يتجاوز التوقعات بكثير | AF26: يتجاوز التوقعات بكثير | AG26: اداء متميز للموقف التعليمي ومتسلسل ويحتوي على جميع عناصر الدرس | AH26: . | CK26: =IF(AND(Main!AA26="يتجاوز التوقعات بكثير", Main!AB26="يتجاوز التوقعات بكثير"), "يتجاوز التوقعات بكثير", IF(OR(AND(Main!AA26="يتجاوز التوقعات بكثير", Main!AB26="يتجاوز التوقعات"), AND(Main!AA26="يتجاوز التوقعات", Main!AB26="يتجاوز التوقعات بكثير")), "يتجاوز التوقعات", IF(AND(Main!AA26="يتجاوز التوقعات", Main!AB26="يتجاوز التوقعات"), "يتجاوز التوقعات", IF(OR(AND(Main!AA26="يتجاوز التوقعات", Main!AB26="يفي بالتوقعات"), AND(Main!AA26="يفي بالتوقعات", Main!AB26="يتجاوز التوقعات")), "يفي بالتوقعات", IF(AND(Main!AA26="يفي بالتوقعات", Main!AB26="يفي بالتوقعات"), "يفي بالتوقعات", IF(OR(AND(Main!AA26="يفي بالتوقعات", Main!AB26="يفي بالتوقعات جزئياً"), AND(Main!AA26="يفي بالتوقعات جزئياً", Main!AB26="يفي بالتوقعات")), "يفي بالتوقعات جزئياً", IF(AND(Main!AA26="يفي بالتوقعات جزئياً", Main!AB26="يفي بالتوقعات جزئياً"), "يفي بالتوقعات جزئياً", "" ))))))) -> يتجاوز التوقعات بكثير | CL26: =IF(AND(Main!AZ26="يتجاوز التوقعات بكثير", Main!BA26="يتجاوز التوقعات بكثير"), "يتجاوز التوقعات بكثير", IF(OR(AND(Main!AZ26="يتجاوز التوقعات بكثير", Main!BA26="يتجاوز التوقعات"), AND(Main!AZ26="يتجاوز التوقعات", Main!BA26="يتجاوز التوقعات بكثير")), "يتجاوز التوقعات", IF(AND(Main!AZ26="يتجاوز التوقعات", Main!BA26="يتجاوز التوقعات"), "يتجاوز التوقعات", IF(OR(AND(Main!AZ26="يتجاوز التوقعات", Main!BA26="يفي بالتوقعات"), AND(Main!AZ26="يفي بالتوقعات", Main!BA26="يتجاوز التوقعات")), "يفي بالتوقعات", IF(AND(Main!AZ26="يفي بالتوقعات", Main!BA26="يفي بالتوقعات"), "يفي بالتوقعات", IF(OR(AND(Main!AZ26="يفي بالتوقعات", Main!BA26="يفي بالتوقعات جزئياً"), AND(Main!AZ26="يفي بالتوقعات جزئياً", Main!BA26="يفي بالتوقعات")), "يفي بالتوقعات جزئياً", IF(AND(Main!AZ26="يفي بالتوقعات جزئياً", Main!BA26="يفي بالتوقعات جزئياً"), "يفي بالتوقعات جزئياً", "" )))))))
A27: 92 | B27: 45811.405 | C27: 45811.408 | D27: 841204802@moe.bh | E27: RUQAYAH YOUSIF ABDULLA SHARIF | F27: كوثر عبدعلي عبدالعال | G27: قسم اللغة الانجليزية | H27: 2024-2025 | J27: الفصل الدراسي الأول | K27: زيارات القيادة الوسطى لجميع المعلمات | M27: استمارة الزيارة الصفية | N27: الزيارة الأولى | O27: يتجاوز التوقعات بكثير | P27: يتجاوز التوقعات بكثير | Q27: يتجاوز التوقعات بكثير | R27: يتجاوز التوقعات بكثير | S27: يتجاوز التوقعات بكثير | T27: يتجاوز التوقعات بكثير | U27: يتجاوز التوقعات بكثير | V27: يتجاوز التوقعات بكثير | W27: يتجاوز التوقعات بكثير | X27: يتجاوز التوقعات بكثير | Y27: يتجاوز التوقعات بكثير | Z27: يتجاوز التوقعات بكثير | AA27: يتجاوز التوقعات بكثير | AB27: يتجاوز التوقعات بكثير | AC27: يتجاوز التوقعات بكثير | AD27: يتجاوز التوقعات بكثير | AE27: يتجاوز التوقعات بكثير | AF27: يتجاوز التوقعات بكثير | AG27: 1. تنوع اساليب التحفيز 2. تنوع الاستراتيجيات المستخدمة 3. مراعاة الفروق الفردية للطالبات 4. تفعيل الادوار القيادية | AH27: - | CK27: =IF(AND(Main!AA27="يتجاوز التوقعات بكثير", Main!AB27="يتجاوز التوقعات بكثير"), "يتجاوز التوقعات بكثير", IF(OR(AND(Main!AA27="يتجاوز التوقعات بكثير", Main!AB27="يتجاوز التوقعات"), AND(Main!AA27="يتجاوز التوقعات", Main!AB27="يتجاوز التوقعات بكثير")), "يتجاوز التوقعات", IF(AND(Main!AA27="يتجاوز التوقعات", Main!AB27="يتجاوز التوقعات"), "يتجاوز التوقعات", IF(OR(AND(Main!AA27="يتجاوز التوقعات", Main!AB27="يفي بالتوقعات"), AND(Main!AA27="يفي بالتوقعات", Main!AB27="يتجاوز التوقعات")), "يفي بالتوقعات", IF(AND(Main!AA27="يفي بالتوقعات", Main!AB27="يفي بالتوقعات"), "يفي بالتوقعات", IF(OR(AND(Main!AA27="يفي بالتوقعات", Main!AB27="يفي بالتوقعات جزئياً"), AND(Main!AA27="يفي بالتوقعات جزئياً", Main!AB27="يفي بالتوقعات")), "يفي بالتوقعات جزئياً", IF(AND(Main!AA27="يفي بالتوقعات جزئياً", Main!AB27="يفي بالتوقعات جزئياً"), "يفي بالتوقعات جزئياً", "" ))))))) -> يتجاوز التوقعات بكثير | CL27: =IF(AND(Main!AZ27="يتجاوز التوقعات بكثير", Main!BA27="يتجاوز التوقعات بكثير"), "يتجاوز التوقعات بكثير", IF(OR(AND(Main!AZ27="يتجاوز التوقعات بكثير", Main!BA27="يتجاوز التوقعات"), AND(Main!AZ27="يتجاوز التوقعات", Main!BA27="يتجاوز التوقعات بكثير")), "يتجاوز التوقعات", IF(AND(Main!AZ27="يتجاوز التوقعات", Main!BA27="يتجاوز التوقعات"), "يتجاوز التوقعات", IF(OR(AND(Main!AZ27="يتجاوز التوقعات", Main!BA27="يفي بالتوقعات"), AND(Main!AZ27="يفي بالتوقعات", Main!BA27="يتجاوز التوقعات")), "يفي بالتوقعات", IF(AND(Main!AZ27="يفي بالتوقعات", Main!BA27="يفي بالتوقعات"), "يفي بالتوقعات", IF(OR(AND(Main!AZ27="يفي بالتوقعات", Main!BA27="يفي بالتوقعات جزئياً"), AND(Main!AZ27="يفي بالتوقعات جزئياً", Main!BA27="يفي بالتوقعات")), "يفي بالتوقعات جزئياً", IF(AND(Main!AZ27="يفي بالتوقعات جزئياً", Main!BA27="يفي بالتوقعات جزئياً"), "يفي بالتوقعات جزئياً", "" )))))))
A28: 93 | B28: 45811.407 | C28: 45811.408 | D28: 840101929@moe.bh | E28: FATEMA ABDULAMEER ABDULLA HASAN | F28: فاطمة عبدالامير عبدالله | G28: قسم المواد الاجتماعية | H28: 2024-2025 | J28: الفصل الدراسي الأول | K28: زيارات القيادة الوسطى لجميع المعلمات | M28: استمارة الزيارة الصفية | N28: الزيارة الأولى | O28: يتجاوز التوقعات بكثير | P28: يتجاوز التوقعات بكثير | Q28: يتجاوز التوقعات بكثير | R28: يتجاوز التوقعات بكثير | S28: يتجاوز التوقعات بكثير | T28: يتجاوز التوقعات بكثير | U28: يتجاوز التوقعات بكثير | V28: يتجاوز التوقعات بكثير | W28: يتجاوز التوقعات بكثير | X28: يتجاوز التوقعات بكثير | Y28: يتجاوز التوقعات بكثير | Z28: يتجاوز التوقعات بكثير | AA28: يتجاوز التوقعات بكثير | AB28: يتجاوز التوقعات بكثير | AC28: يتجاوز التوقعات بكثير | AD28: يتجاوز التوقعات بكثير | AE28: يتجاوز التوقعات بكثير | AF28: يتجاوز التوقعات بكثير | AG28: اداء متميز للموقف التعليميومتسلسل ويحتوي على جميع عناصر الدرس الجيد | AH28: . | CK28: =IF(AND(Main!AA28="يتجاوز التوقعات بكثير", Main!AB28="يتجاوز التوقعات بكثير"), "يتجاوز التوقعات بكثير", IF(OR(AND(Main!AA28="يتجاوز التوقعات بكثير", Main!AB28="يتجاوز التوقعات"), AND(Main!AA28="يتجاوز التوقعات", Main!AB28="يتجاوز التوقعات بكثير")), "يتجاوز التوقعات", IF(AND(Main!AA28="يتجاوز التوقعات", Main!AB28="يتجاوز التوقعات"), "يتجاوز التوقعات", IF(OR(AND(Main!AA28="يتجاوز التوقعات", Main!AB28="يفي بالتوقعات"), AND(Main!AA28="يفي بالتوقعات", Main!AB28="يتجاوز التوقعات")), "يفي بالتوقعات", IF(AND(Main!AA28="يفي بالتوقعات", Main!AB28="يفي بالتوقعات"), "يفي بالتوقعات", IF(OR(AND(Main!AA28="يفي بالتوقعات", Main!AB28="يفي بالتوقعات جزئياً"), AND(Main!AA28="يفي بالتوقعات جزئياً", Main!AB28="يفي بالتوقعات")), "يفي بالتوقعات جزئياً", IF(AND(Main!AA28="يفي بالتوقعات جزئياً", Main!AB28="يفي بالتوقعات جزئياً"), "يفي بالتوقعات جزئياً", "" ))))))) -> يتجاوز التوقعات بكثير | CL28: =IF(AND(Main!AZ28="يتجاوز التوقعات بكثير", Main!BA28="يتجاوز التوقعات بكثير"), "يتجاوز التوقعات بكثير", IF(OR(AND(Main!AZ28="يتجاوز التوقعات بكثير", Main!BA28="يتجاوز التوقعات"), AND(Main!AZ28="يتجاوز التوقعات", Main!BA28="يتجاوز التوقعات بكثير")), "يتجاوز التوقعات", IF(AND(Main!AZ28="يتجاوز التوقعات", Main!BA28="يتجاوز التوقعات"), "يتجاوز التوقعات", IF(OR(AND(Main!AZ28="يتجاوز التوقعات", Main!BA28="يفي بالتوقعات"), AND(Main!AZ28="يفي بالتوقعات", Main!BA28="يتجاوز التوقعات")), "يفي بالتوقعات", IF(AND(Main!AZ28="يفي بالتوقعات", Main!BA28="يفي بالتوقعات"), "يفي بالتوقعات", IF(OR(AND(Main!AZ28="يفي بالتوقعات", Main!BA28="يفي بالتوقعات جزئياً"), AND(Main!AZ28="يفي بالتوقعات جزئياً", Main!BA28="يفي بالتوقعات")), "يفي بالتوقعات جزئياً", IF(AND(Main!AZ28="يفي بالتوقعات جزئياً", Main!BA28="يفي بالتوقعات جزئياً"), "يفي بالتوقعات جزئياً", "" )))))))
A29: 94 | B29: 45811.408 | C29: 45811.409 | D29: 840101929@moe.bh | E29: FATEMA ABDULAMEER ABDULLA HASAN | F29: فاطمة عبدالامير عبدالله | G29: قسم المواد الاجتماعية | H29: 2024-2025 | J29: الفصل الدراسي الأول | K29: زيارات القيادة الوسطى لجميع المعلمات | M29: استمارة الزيارة الصفية | N29: الزيارة الثانية | O29: يتجاوز التوقعات بكثير | P29: يتجاوز التوقعات بكثير | Q29: يتجاوز التوقعات بكثير | R29: يتجاوز التوقعات بكثير | S29: يتجاوز التوقعات بكثير | T29: يتجاوز التوقعات بكثير | U29: يتجاوز التوقعات بكثير | V29: يتجاوز التوقعات بكثير | W29: يتجاوز التوقعات بكثير | X29: يتجاوز التوقعات بكثير | Y29: يتجاوز التوقعات بكثير | Z29: يتجاوز التوقعات بكثير | AA29: يتجاوز التوقعات بكثير | AB29: يتجاوز التوقعات بكثير | AC29: يتجاوز التوقعات بكثير | AD29: يتجاوز التوقعات بكثير | AE29: يتجاوز التوقعات بكثير | AF29: يتجاوز التوقعات بكثير | AG29: اداء متميز للموقف التعليميومتسلسل ويحتوي على جميع عناصر الدرس الجيد | AH29: . | CK29: =IF(AND(Main!AA29="يتجاوز التوقعات بكثير", Main!AB29="يتجاوز التوقعات بكثير"), "يتجاوز التوقعات بكثير", IF(OR(AND(Main!AA29="يتجاوز التوقعات بكثير", Main!AB29="يتجاوز التوقعات"), AND(Main!AA29="يتجاوز التوقعات", Main!AB29="يتجاوز التوقعات بكثير")), "يتجاوز التوقعات", IF(AND(Main!AA29="يتجاوز التوقعات", Main!AB29="يتجاوز التوقعات"), "يتجاوز التوقعات", IF(OR(AND(Main!AA29="يتجاوز التوقعات", Main!AB29="يفي بالتوقعات"), AND(Main!AA29="يفي بالتوقعات", Main!AB29="يتجاوز التوقعات")), "يفي بالتوقعات", IF(AND(Main!AA29="يفي بالتوقعات", Main!AB29="يفي بالتوقعات"), "يفي بالتوقعات", IF(OR(AND(Main!AA29="يفي بالتوقعات", Main!AB29="يفي بالتوقعات جزئياً"), AND(Main!AA29="يفي بالتوقعات جزئياً", Main!AB29="يفي بالتوقعات")), "يفي بالتوقعات جزئياً", IF(AND(Main!AA29="يفي بالتوقعات جزئياً", Main!AB29="يفي بالتوقعات جزئياً"), "يفي بالتوقعات جزئياً", "" ))))))) -> يتجاوز التوقعات بكثير | CL29: =IF(AND(Main!AZ29="يتجاوز التوقعات بكثير", Main!BA29="يتجاوز التوقعات بكثير"), "يتجاوز التوقعات بكثير", IF(OR(AND(Main!AZ29="يتجاوز التوقعات بكثير", Main!BA29="يتجاوز التوقعات"), AND(Main!AZ29="يتجاوز التوقعات", Main!BA29="يتجاوز التوقعات بكثير")), "يتجاوز التوقعات", IF(AND(Main!AZ29="يتجاوز التوقعات", Main!BA29="يتجاوز التوقعات"), "يتجاوز التوقعات", IF(OR(AND(Main!AZ29="يتجاوز التوقعات", Main!BA29="يفي بالتوقعات"), AND(Main!AZ29="يفي بالتوقعات", Main!BA29="يتجاوز التوقعات")), "يفي بالتوقعات", IF(AND(Main!AZ29="يفي بالتوقعات", Main!BA29="يفي بالتوقعات"), "يفي بالتوقعات", IF(OR(AND(Main!AZ29="يفي بالتوقعات", Main!BA29="يفي بالتوقعات جزئياً"), AND(Main!AZ29="يفي بالتوقعات جزئياً", Main!BA29="يفي بالتوقعات")), "يفي بالتوقعات جزئياً", IF(AND(Main!AZ29="يفي بالتوقعات جزئياً", Main!BA29="يفي بالتوقعات جزئياً"), "يفي بالتوقعات جزئياً", "" )))))))
A30: 95 | B30: 45811.408 | C30: 45811.409 | D30: 841204802@moe.bh | E30: RUQAYAH YOUSIF ABDULLA SHARIF | F30: كوثر عبدعلي عبدالعال | G30: قسم اللغة الانجليزية | H30: 2024-2025 | J30: الفصل الدراسي الأول | K30: زيارات القيادة الوسطى لجميع المعلمات | M30: استمارة الزيارة الصفية | N30: الزيارة الثانية | O30: يتجاوز التوقعات بكثير | P30: يتجاوز التوقعات بكثير | Q30: يتجاوز التوقعات بكثير | R30: يتجاوز التوقعات بكثير | S30: يتجاوز التوقعات بكثير | T30: يتجاوز التوقعات بكثير | U30: يتجاوز التوقعات بكثير | V30: يتجاوز التوقعات بكثير | W30: يتجاوز التوقعات بكثير | X30: يتجاوز التوقعات بكثير | Y30: يتجاوز التوقعات بكثير | Z30: يتجاوز التوقعات بكثير | AA30: يتجاوز التوقعات بكثير | AB30: يتجاوز التوقعات بكثير | AC30: يتجاوز التوقعات بكثير | AD30: يتجاوز التوقعات بكثير | AE30: يتجاوز التوقعات بكثير | AF30: يتجاوز التوقعات بكثير | AG30: 1. ربط الانشطة بالمجتمع المحلي 2. تفعيل الادوار القيادية 3. تنوع الاستراتيجيات واساليب التحفيز | AH30: - | CK30: =IF(AND(Main!AA30="يتجاوز التوقعات بكثير", Main!AB30="يتجاوز التوقعات بكثير"), "يتجاوز التوقعات بكثير", IF(OR(AND(Main!AA30="يتجاوز التوقعات بكثير", Main!AB30="يتجاوز التوقعات"), AND(Main!AA30="يتجاوز التوقعات", Main!AB30="يتجاوز التوقعات بكثير")), "يتجاوز التوقعات", IF(AND(Main!AA30="يتجاوز التوقعات", Main!AB30="يتجاوز التوقعات"), "يتجاوز التوقعات", IF(OR(AND(Main!AA30="يتجاوز التوقعات", Main!AB30="يفي بالتوقعات"), AND(Main!AA30="يفي بالتوقعات", Main!AB30="يتجاوز التوقعات")), "يفي بالتوقعات", IF(AND(Main!AA30="يفي بالتوقعات", Main!AB30="يفي بالتوقعات"), "يفي بالتوقعات", IF(OR(AND(Main!AA30="يفي بالتوقعات", Main!AB30="يفي بالتوقعات جزئياً"), AND(Main!AA30="يفي بالتوقعات جزئياً", Main!AB30="يفي بالتوقعات")), "يفي بالتوقعات جزئياً", IF(AND(Main!AA30="يفي بالتوقعات جزئياً", Main!AB30="يفي بالتوقعات جزئياً"), "يفي بالتوقعات جزئياً", "" ))))))) -> يتجاوز التوقعات بكثير | CL30: =IF(AND(Main!AZ30="يتجاوز التوقعات بكثير", Main!BA30="يتجاوز التوقعات بكثير"), "يتجاوز التوقعات بكثير", IF(OR(AND(Main!AZ30="يتجاوز التوقعات بكثير", Main!BA30="يتجاوز التوقعات"), AND(Main!AZ30="يتجاوز التوقعات", Main!BA30="يتجاوز التوقعات بكثير")), "يتجاوز التوقعات", IF(AND(Main!AZ30="يتجاوز التوقعات", Main!BA30="يتجاوز التوقعات"), "يتجاوز التوقعات", IF(OR(AND(Main!AZ30="يتجاوز التوقعات", Main!BA30="يفي بالتوقعات"), AND(Main!AZ30="يفي بالتوقعات", Main!BA30="يتجاوز التوقعات")), "يفي بالتوقعات", IF(AND(Main!AZ30="يفي بالتوقعات", Main!BA30="يفي بالتوقعات"), "يفي بالتوقعات", IF(OR(AND(Main!AZ30="يفي بالتوقعات", Main!BA30="يفي بالتوقعات جزئياً"), AND(Main!AZ30="يفي بالتوقعات جزئياً", Main!BA30="يفي بالتوقعات")), "يفي بالتوقعات جزئياً", IF(AND(Main!AZ30="يفي بالتوقعات جزئياً", Main!BA30="يفي بالتوقعات جزئياً"), "يفي بالتوقعات جزئياً", "" )))))))
A31: 96 | B31: 45811.409 | C31: 45811.41 | D31: 840101929@moe.bh | E31: FATEMA ABDULAMEER ABDULLA HASAN | F31: فاطمة عبدالامير عبدالله | G31: قسم المواد الاجتماعية | H31: 2024-2025 | J31: الفصل الدراسي الأول | K31: زيارات القيادة الوسطى لجميع المعلمات | M31: استمارة الزيارة الصفية | N31: الزيارة الثالثة | O31: يتجاوز التوقعات بكثير | P31: يتجاوز التوقعات بكثير | Q31: يتجاوز التوقعات بكثير | R31: يتجاوز التوقعات بكثير | S31: يتجاوز التوقعات بكثير | T31: يتجاوز التوقعات بكثير | U31: يتجاوز التوقعات بكثير | V31: يتجاوز التوقعات بكثير | W31: يتجاوز التوقعات بكثير | X31: يتجاوز التوقعات بكثير | Y31: يتجاوز التوقعات بكثير | Z31: يتجاوز التوقعات بكثير | AA31: يتجاوز التوقعات بكثير | AB31: يتجاوز التوقعات بكثير | AC31: يتجاوز التوقعات بكثير | AD31: يتجاوز التوقعات بكثير | AE31: يتجاوز التوقعات بكثير | AF31: يتجاوز التوقعات بكثير | AG31: اداء متميز للموقف التعليمي ومتسلسل ويحتوي على جميع عناصر الدرس الجيد | AH31: . | CK31: =IF(AND(Main!AA31="يتجاوز التوقعات بكثير", Main!AB31="يتجاوز التوقعات بكثير"), "يتجاوز التوقعات بكثير", IF(OR(AND(Main!AA31="يتجاوز التوقعات بكثير", Main!AB31="يتجاوز التوقعات"), AND(Main!AA31="يتجاوز التوقعات", Main!AB31="يتجاوز التوقعات بكثير")), "يتجاوز التوقعات", IF(AND(Main!AA31="يتجاوز التوقعات", Main!AB31="يتجاوز التوقعات"), "يتجاوز التوقعات", IF(OR(AND(Main!AA31="يتجاوز التوقعات", Main!AB31="يفي بالتوقعات"), AND(Main!AA31="يفي بالتوقعات", Main!AB31="يتجاوز التوقعات")), "يفي بالتوقعات", IF(AND(Main!AA31="يفي بالتوقعات", Main!AB31="يفي بالتوقعات"), "يفي بالتوقعات", IF(OR(AND(Main!AA31="يفي بالتوقعات", Main!AB31="يفي بالتوقعات جزئياً"), AND(Main!AA31="يفي بالتوقعات جزئياً", Main!AB31="يفي بالتوقعات")), "يفي بالتوقعات جزئياً", IF(AND(Main!AA31="يفي بالتوقعات جزئياً", Main!AB31="يفي بالتوقعات جزئياً"), "يفي بالتوقعات جزئياً", "" ))))))) -> يتجاوز التوقعات بكثير | CL31: =IF(AND(Main!AZ31="يتجاوز التوقعات بكثير", Main!BA31="يتجاوز التوقعات بكثير"), "يتجاوز التوقعات بكثير", IF(OR(AND(Main!AZ31="يتجاوز التوقعات بكثير", Main!BA31="يتجاوز التوقعات"), AND(Main!AZ31="يتجاوز التوقعات", Main!BA31="يتجاوز التوقعات بكثير")), "يتجاوز التوقعات", IF(AND(Main!AZ31="يتجاوز التوقعات", Main!BA31="يتجاوز التوقعات"), "يتجاوز التوقعات", IF(OR(AND(Main!AZ31="يتجاوز التوقعات", Main!BA31="يفي بالتوقعات"), AND(Main!AZ31="يفي بالتوقعات", Main!BA31="يتجاوز التوقعات")), "يفي بالتوقعات", IF(AND(Main!AZ31="يفي بالتوقعات", Main!BA31="يفي بالتوقعات"), "يفي بالتوقعات", IF(OR(AND(Main!AZ31="يفي بالتوقعات", Main!BA31="يفي بالتوقعات جزئياً"), AND(Main!AZ31="يفي بالتوقعات جزئياً", Main!BA31="يفي بالتوقعات")), "يفي بالتوقعات جزئياً", IF(AND(Main!AZ31="يفي بالتوقعات جزئياً", Main!BA31="يفي بالتوقعات جزئياً"), "يفي بالتوقعات جزئياً", "" )))))))
A32: 97 | B32: 45811.409 | C32: 45811.412 | D32: 800906489@moe.bh | E32: Zainab Redha Hasan Ali | F32: زينب رضا حسن علي | G32: قسم المواد الاجتماعية | H32: 2024-2025 | J32: الفصل الدراسي الأول | K32: زيارات القيادة الوسطى لجميع المعلمات | M32: استمارة الزيارة الصفية | N32: الزيارة الثانية | O32: يتجاوز التوقعات بكثير | P32: يتجاوز التوقعات بكثير | Q32: يتجاوز التوقعات بكثير | R32: يتجاوز التوقعات بكثير | S32: يتجاوز التوقعات بكثير | T32: يتجاوز التوقعات بكثير | U32: يتجاوز التوقعات بكثير | V32: يتجاوز التوقعات بكثير | W32: يتجاوز التوقعات بكثير | X32: يتجاوز التوقعات بكثير | Y32: يتجاوز التوقعات بكثير | Z32: يتجاوز التوقعات بكثير | AA32: يتجاوز التوقعات بكثير | AB32: يتجاوز التوقعات بكثير | AC32: يتجاوز التوقعات بكثير | AD32: يتجاوز التوقعات بكثير | AE32: يتجاوز التوقعات بكثير | AF32: يتجاوز التوقعات بكثير | AG32: أداء متميز للموقف التعليمي ومتسلسل يحوي جميع عناصر الدرس | AH32: _ | CK32: =IF(AND(Main!AA32="يتجاوز التوقعات بكثير", Main!AB32="يتجاوز التوقعات بكثير"), "يتجاوز التوقعات بكثير", IF(OR(AND(Main!AA32="يتجاوز التوقعات بكثير", Main!AB32="يتجاوز التوقعات"), AND(Main!AA32="يتجاوز التوقعات", Main!AB32="يتجاوز التوقعات بكثير")), "يتجاوز التوقعات", IF(AND(Main!AA32="يتجاوز التوقعات", Main!AB32="يتجاوز التوقعات"), "يتجاوز التوقعات", IF(OR(AND(Main!AA32="يتجاوز التوقعات", Main!AB32="يفي بالتوقعات"), AND(Main!AA32="يفي بالتوقعات", Main!AB32="يتجاوز التوقعات")), "يفي بالتوقعات", IF(AND(Main!AA32="يفي بالتوقعات", Main!AB32="يفي بالتوقعات"), "يفي بالتوقعات", IF(OR(AND(Main!AA32="يفي بالتوقعات", Main!AB32="يفي بالتوقعات جزئياً"), AND(Main!AA32="يفي بالتوقعات جزئياً", Main!AB32="يفي بالتوقعات")), "يفي بالتوقعات جزئياً", IF(AND(Main!AA32="يفي بالتوقعات جزئياً", Main!AB32="يفي بالتوقعات جزئياً"), "يفي بالتوقعات جزئياً", "" ))))))) -> يتجاوز التوقعات بكثير | CL32: =IF(AND(Main!AZ32="يتجاوز التوقعات بكثير", Main!BA32="يتجاوز التوقعات بكثير"), "يتجاوز التوقعات بكثير", IF(OR(AND(Main!AZ32="يتجاوز التوقعات بكثير", Main!BA32="يتجاوز التوقعات"), AND(Main!AZ32="يتجاوز التوقعات", Main!BA32="يتجاوز التوقعات بكثير")), "يتجاوز التوقعات", IF(AND(Main!AZ32="يتجاوز التوقعات", Main!BA32="يتجاوز التوقعات"), "يتجاوز التوقعات", IF(OR(AND(Main!AZ32="يتجاوز التوقعات", Main!BA32="يفي بالتوقعات"), AND(Main!AZ32="يفي بالتوقعات", Main!BA32="يتجاوز التوقعات")), "يفي بالتوقعات", IF(AND(Main!AZ32="يفي بالتوقعات", Main!BA32="يفي بالتوقعات"), "يفي بالتوقعات", IF(OR(AND(Main!AZ32="يفي بالتوقعات", Main!BA32="يفي بالتوقعات جزئياً"), AND(Main!AZ32="يفي بالتوقعات جزئياً", Main!BA32="يفي بالتوقعات")), "يفي بالتوقعات جزئياً", IF(AND(Main!AZ32="يفي بالتوقعات جزئياً", Main!BA32="يفي بالتوقعات جزئياً"), "يفي بالتوقعات جزئياً", "" )))))))
... A62: 127 | B62: 45811.446 | C62: 45811.447 | D62: 841204802@moe.bh | E62: RUQAYAH YOUSIF ABDULLA SHARIF | F62: كوثر حبيب محمود | G62: قسم اللغة الانجليزية | H62: 2024-2025 | J62: الفصل الدراسي الأول | K62: زيارات القيادة الوسطى لجميع المعلمات | M62: استمارة الزيارة الصفية | N62: الزيارة الثانية | O62: يتجاوز التوقعات بكثير | P62: يتجاوز التوقعات بكثير | Q62: يتجاوز التوقعات بكثير | R62: يتجاوز التوقعات بكثير | S62: يتجاوز التوقعات بكثير | T62: يتجاوز التوقعات بكثير | U62: يتجاوز التوقعات بكثير | V62: يتجاوز التوقعات بكثير | W62: يتجاوز التوقعات بكثير | X62: يتجاوز التوقعات بكثير | Y62: يتجاوز التوقعات بكثير | Z62: يتجاوز التوقعات بكثير | AA62: يتجاوز التوقعات بكثير | AB62: يتجاوز التوقعات بكثير | AC62: يتجاوز التوقعات بكثير | AD62: يتجاوز التوقعات بكثير | AE62: يتجاوز التوقعات بكثير | AF62: يتجاوز التوقعات بكثير | AG62: 1. المعلمة متميزة ومبدعة وعلاقتها وطيدة مع الطالبات 2. تنوع وسائل التحفيز والدعم والاستفادة من التقييم 3. تفعيل الادوار القيادية 4. تنوع الاستراتيجيات | AH62: - | CK62: =IF(AND(Main!AA62="يتجاوز التوقعات بكثير", Main!AB62="يتجاوز التوقعات بكثير"), "يتجاوز التوقعات بكثير", IF(OR(AND(Main!AA62="يتجاوز التوقعات بكثير", Main!AB62="يتجاوز التوقعات"), AND(Main!AA62="يتجاوز التوقعات", Main!AB62="يتجاوز التوقعات بكثير")), "يتجاوز التوقعات", IF(AND(Main!AA62="يتجاوز التوقعات", Main!AB62="يتجاوز التوقعات"), "يتجاوز التوقعات", IF(OR(AND(Main!AA62="يتجاوز التوقعات", Main!AB62="يفي بالتوقعات"), AND(Main!AA62="يفي بالتوقعات", Main!AB62="يتجاوز التوقعات")), "يفي بالتوقعات", IF(AND(Main!AA62="يفي بالتوقعات", Main!AB62="يفي بالتوقعات"), "يفي بالتوقعات", IF(OR(AND(Main!AA62="يفي بالتوقعات", Main!AB62="يفي بالتوقعات جزئياً"), AND(Main!AA62="يفي بالتوقعات جزئياً", Main!AB62="يفي بالتوقعات")), "يفي بالتوقعات جزئياً", IF(AND(Main!AA62="يفي بالتوقعات جزئياً", Main!AB62="يفي بالتوقعات جزئياً"), "يفي بالتوقعات جزئياً", "" ))))))) -> يتجاوز التوقعات بكثير | CL62: =IF(AND(Main!AZ62="يتجاوز التوقعات بكثير", Main!BA62="يتجاوز التوقعات بكثير"), "يتجاوز التوقعات بكثير", IF(OR(AND(Main!AZ62="يتجاوز التوقعات بكثير", Main!BA62="يتجاوز التوقعات"), AND(Main!AZ62="يتجاوز التوقعات", Main!BA62="يتجاوز التوقعات بكثير")), "يتجاوز التوقعات", IF(AND(Main!AZ62="يتجاوز التوقعات", Main!BA62="يتجاوز التوقعات"), "يتجاوز التوقعات", IF(OR(AND(Main!AZ62="يتجاوز التوقعات", Main!BA62="يفي بالتوقعات"), AND(Main!AZ62="يفي بالتوقعات", Main!BA62="يتجاوز التوقعات")), "يفي بالتوقعات", IF(AND(Main!AZ62="يفي بالتوقعات", Main!BA62="يفي بالتوقعات"), "يفي بالتوقعات", IF(OR(AND(Main!AZ62="يفي بالتوقعات", Main!BA62="يفي بالتوقعات جزئياً"), AND(Main!AZ62="يفي بالتوقعات جزئياً", Main!BA62="يفي بالتوقعات")), "يفي بالتوقعات جزئياً", IF(AND(Main!AZ62="يفي بالتوقعات جزئياً", Main!BA62="يفي بالتوقعات جزئياً"), "يفي بالتوقعات جزئياً", "" )))))))
A63: 128 | B63: 45811.445 | C63: 45811.447 | D63: 840103310@moe.bh | E63: FATIMA ABDULSAHEB ABDULMABI ASGHAR | F63: فاطمة عبد الصاحب اصغر | G63: قسم التربية الفنية | H63: 2024-2025 | J63: الفصل الدراسي الأول | K63: زيارات القيادة العليا للقيادة الوسطى | N63: الزيارة الأولى | O63: يتجاوز التوقعات بكثير | P63: يتجاوز التوقعات بكثير | Q63: يتجاوز التوقعات بكثير | R63: يتجاوز التوقعات بكثير | S63: يتجاوز التوقعات بكثير | T63: يتجاوز التوقعات بكثير | U63: يتجاوز التوقعات بكثير | V63: يتجاوز التوقعات بكثير | W63: يتجاوز التوقعات بكثير | X63: يتجاوز التوقعات بكثير | Y63: يتجاوز التوقعات بكثير | Z63: يتجاوز التوقعات بكثير | AA63: يتجاوز التوقعات بكثير | AB63: يتجاوز التوقعات بكثير | AC63: يتجاوز التوقعات بكثير | AD63: يتجاوز التوقعات بكثير | AE63: يتجاوز التوقعات بكثير | AF63: يتجاوز التوقعات بكثير | AG63: أداء مميز للموقف التعليمي و متسلسل يحتوي على جميع عناصر الدرس الجيد | AH63: لا يوجد | CK63: =IF(AND(Main!AA63="يتجاوز التوقعات بكثير", Main!AB63="يتجاوز التوقعات بكثير"), "يتجاوز التوقعات بكثير", IF(OR(AND(Main!AA63="يتجاوز التوقعات بكثير", Main!AB63="يتجاوز التوقعات"), AND(Main!AA63="يتجاوز التوقعات", Main!AB63="يتجاوز التوقعات بكثير")), "يتجاوز التوقعات", IF(AND(Main!AA63="يتجاوز التوقعات", Main!AB63="يتجاوز التوقعات"), "يتجاوز التوقعات", IF(OR(AND(Main!AA63="يتجاوز التوقعات", Main!AB63="يفي بالتوقعات"), AND(Main!AA63="يفي بالتوقعات", Main!AB63="يتجاوز التوقعات")), "يفي بالتوقعات", IF(AND(Main!AA63="يفي بالتوقعات", Main!AB63="يفي بالتوقعات"), "يفي بالتوقعات", IF(OR(AND(Main!AA63="يفي بالتوقعات", Main!AB63="يفي بالتوقعات جزئياً"), AND(Main!AA63="يفي بالتوقعات جزئياً", Main!AB63="يفي بالتوقعات")), "يفي بالتوقعات جزئياً", IF(AND(Main!AA63="يفي بالتوقعات جزئياً", Main!AB63="يفي بالتوقعات جزئياً"), "يفي بالتوقعات جزئياً", "" ))))))) -> يتجاوز التوقعات بكثير | CL63: =IF(AND(Main!AZ63="يتجاوز التوقعات بكثير", Main!BA63="يتجاوز التوقعات بكثير"), "يتجاوز التوقعات بكثير", IF(OR(AND(Main!AZ63="يتجاوز التوقعات بكثير", Main!BA63="يتجاوز التوقعات"), AND(Main!AZ63="يتجاوز التوقعات", Main!BA63="يتجاوز التوقعات بكثير")), "يتجاوز التوقعات", IF(AND(Main!AZ63="يتجاوز التوقعات", Main!BA63="يتجاوز التوقعات"), "يتجاوز التوقعات", IF(OR(AND(Main!AZ63="يتجاوز التوقعات", Main!BA63="يفي بالتوقعات"), AND(Main!AZ63="يفي بالتوقعات", Main!BA63="يتجاوز التوقعات")), "يفي بالتوقعات", IF(AND(Main!AZ63="يفي بالتوقعات", Main!BA63="يفي بالتوقعات"), "يفي بالتوقعات", IF(OR(AND(Main!AZ63="يفي بالتوقعات", Main!BA63="يفي بالتوقعات جزئياً"), AND(Main!AZ63="يفي بالتوقعات جزئياً", Main!BA63="يفي بالتوقعات")), "يفي بالتوقعات جزئياً", IF(AND(Main!AZ63="يفي بالتوقعات جزئياً", Main!BA63="يفي بالتوقعات جزئياً"), "يفي بالتوقعات جزئياً", "" )))))))
A64: 129 | B64: 45811.447 | C64: 45811.449 | D64: 840103310@moe.bh | E64: FATIMA ABDULSAHEB ABDULMABI ASGHAR | F64: فاطمة عبد الصاحب اصغر | G64: قسم التربية الفنية | H64: 2024-2025 | J64: الفصل الدراسي الأول | K64: زيارات القيادة العليا للقيادة الوسطى | N64: الزيارة الثانية | O64: يتجاوز التوقعات بكثير | P64: يتجاوز التوقعات بكثير | Q64: يتجاوز التوقعات بكثير | R64: يتجاوز التوقعات بكثير | S64: يتجاوز التوقعات بكثير | T64: يتجاوز التوقعات بكثير | U64: يتجاوز التوقعات بكثير | V64: يتجاوز التوقعات بكثير | W64: يتجاوز التوقعات بكثير | X64: يتجاوز التوقعات بكثير | Y64: يتجاوز التوقعات بكثير | Z64: يتجاوز التوقعات بكثير | AA64: يتجاوز التوقعات بكثير | AB64: يتجاوز التوقعات بكثير | AC64: يتجاوز التوقعات بكثير | AD64: يتجاوز التوقعات بكثير | AE64: يتجاوز التوقعات بكثير | AF64: يتجاوز التوقعات بكثير | AG64: أداء مميز للموقف التعليمي و متسلسل يحتوي على جميع عناصر الدرس الجيد | AH64: لا يوجد | CK64: =IF(AND(Main!AA64="يتجاوز التوقعات بكثير", Main!AB64="يتجاوز التوقعات بكثير"), "يتجاوز التوقعات بكثير", IF(OR(AND(Main!AA64="يتجاوز التوقعات بكثير", Main!AB64="يتجاوز التوقعات"), AND(Main!AA64="يتجاوز التوقعات", Main!AB64="يتجاوز التوقعات بكثير")), "يتجاوز التوقعات", IF(AND(Main!AA64="يتجاوز التوقعات", Main!AB64="يتجاوز التوقعات"), "يتجاوز التوقعات", IF(OR(AND(Main!AA64="يتجاوز التوقعات", Main!AB64="يفي بالتوقعات"), AND(Main!AA64="يفي بالتوقعات", Main!AB64="يتجاوز التوقعات")), "يفي بالتوقعات", IF(AND(Main!AA64="يفي بالتوقعات", Main!AB64="يفي بالتوقعات"), "يفي بالتوقعات", IF(OR(AND(Main!AA64="يفي بالتوقعات", Main!AB64="يفي بالتوقعات جزئياً"), AND(Main!AA64="يفي بالتوقعات جزئياً", Main!AB64="يفي بالتوقعات")), "يفي بالتوقعات جزئياً", IF(AND(Main!AA64="يفي بالتوقعات جزئياً", Main!AB64="يفي بالتوقعات جزئياً"), "يفي بالتوقعات جزئياً", "" ))))))) -> يتجاوز التوقعات بكثير | CL64: =IF(AND(Main!AZ64="يتجاوز التوقعات بكثير", Main!BA64="يتجاوز التوقعات بكثير"), "يتجاوز التوقعات بكثير", IF(OR(AND(Main!AZ64="يتجاوز التوقعات بكثير", Main!BA64="يتجاوز التوقعات"), AND(Main!AZ64="يتجاوز التوقعات", Main!BA64="يتجاوز التوقعات بكثير")), "يتجاوز التوقعات", IF(AND(Main!AZ64="يتجاوز التوقعات", Main!BA64="يتجاوز التوقعات"), "يتجاوز التوقعات", IF(OR(AND(Main!AZ64="يتجاوز التوقعات", Main!BA64="يفي بالتوقعات"), AND(Main!AZ64="يفي بالتوقعات", Main!BA64="يتجاوز التوقعات")), "يفي بالتوقعات", IF(AND(Main!AZ64="يفي بالتوقعات", Main!BA64="يفي بالتوقعات"), "يفي بالتوقعات", IF(OR(AND(Main!AZ64="يفي بالتوقعات", Main!BA64="يفي بالتوقعات جزئياً"), AND(Main!AZ64="يفي بالتوقعات جزئياً", Main!BA64="يفي بالتوقعات")), "يفي بالتوقعات جزئياً", IF(AND(Main!AZ64="يفي بالتوقعات جزئياً", Main!BA64="يفي بالتوقعات جزئياً"), "يفي بالتوقعات جزئياً", "" )))))))
A65: 131 | B65: 45811.45 | C65: 45811.451 | D65: 840103310@moe.bh | E65: FATIMA ABDULSAHEB ABDULMABI ASGHAR | F65: فاطمة عبد الصاحب اصغر | G65: قسم التربية الفنية | H65: 2024-2025 | J65: الفصل الدراسي الأول | K65: زيارات القيادة العليا للقيادة الوسطى | N65: الزيارة الثالثة | O65: يتجاوز التوقعات بكثير | P65: يتجاوز التوقعات بكثير | Q65: يتجاوز التوقعات بكثير | R65: يتجاوز التوقعات بكثير | S65: يتجاوز التوقعات بكثير | T65: يتجاوز التوقعات بكثير | U65: يتجاوز التوقعات بكثير | V65: يتجاوز التوقعات بكثير | W65: يتجاوز التوقعات بكثير | X65: يتجاوز التوقعات بكثير | Y65: يتجاوز التوقعات بكثير | Z65: يتجاوز التوقعات بكثير | AA65: يتجاوز التوقعات بكثير | AB65: يتجاوز التوقعات بكثير | AC65: يتجاوز التوقعات بكثير | AD65: يتجاوز التوقعات بكثير | AE65: يتجاوز التوقعات بكثير | AF65: يتجاوز التوقعات بكثير | AG65: أداء مميز للموقف التعليمي و متسلسل يحتوي على جميع عناصر الدرس الجيد | AH65: لا يوجد | CK65: =IF(AND(Main!AA65="يتجاوز التوقعات بكثير", Main!AB65="يتجاوز التوقعات بكثير"), "يتجاوز التوقعات بكثير", IF(OR(AND(Main!AA65="يتجاوز التوقعات بكثير", Main!AB65="يتجاوز التوقعات"), AND(Main!AA65="يتجاوز التوقعات", Main!AB65="يتجاوز التوقعات بكثير")), "يتجاوز التوقعات", IF(AND(Main!AA65="يتجاوز التوقعات", Main!AB65="يتجاوز التوقعات"), "يتجاوز التوقعات", IF(OR(AND(Main!AA65="يتجاوز التوقعات", Main!AB65="يفي بالتوقعات"), AND(Main!AA65="يفي بالتوقعات", Main!AB65="يتجاوز التوقعات")), "يفي بالتوقعات", IF(AND(Main!AA65="يفي بالتوقعات", Main!AB65="يفي بالتوقعات"), "يفي بالتوقعات", IF(OR(AND(Main!AA65="يفي بالتوقعات", Main!AB65="يفي بالتوقعات جزئياً"), AND(Main!AA65="يفي بالتوقعات جزئياً", Main!AB65="يفي بالتوقعات")), "يفي بالتوقعات جزئياً", IF(AND(Main!AA65="يفي بالتوقعات جزئياً", Main!AB65="يفي بالتوقعات جزئياً"), "يفي بالتوقعات جزئياً", "" ))))))) -> يتجاوز التوقعات بكثير | CL65: =IF(AND(Main!AZ65="يتجاوز التوقعات بكثير", Main!BA65="يتجاوز التوقعات بكثير"), "يتجاوز التوقعات بكثير", IF(OR(AND(Main!AZ65="يتجاوز التوقعات بكثير", Main!BA65="يتجاوز التوقعات"), AND(Main!AZ65="يتجاوز التوقعات", Main!BA65="يتجاوز التوقعات بكثير")), "يتجاوز التوقعات", IF(AND(Main!AZ65="يتجاوز التوقعات", Main!BA65="يتجاوز التوقعات"), "يتجاوز التوقعات", IF(OR(AND(Main!AZ65="يتجاوز التوقعات", Main!BA65="يفي بالتوقعات"), AND(Main!AZ65="يفي بالتوقعات", Main!BA65="يتجاوز التوقعات")), "يفي بالتوقعات", IF(AND(Main!AZ65="يفي بالتوقعات", Main!BA65="يفي بالتوقعات"), "يفي بالتوقعات", IF(OR(AND(Main!AZ65="يفي بالتوقعات", Main!BA65="يفي بالتوقعات جزئياً"), AND(Main!AZ65="يفي بالتوقعات جزئياً", Main!BA65="يفي بالتوقعات")), "يفي بالتوقعات جزئياً", IF(AND(Main!AZ65="يفي بالتوقعات جزئياً", Main!BA65="يفي بالتوقعات جزئياً"), "يفي بالتوقعات جزئياً", "" )))))))
A66: 132 | B66: 45811.45 | C66: 45811.452 | D66: 770508340@moe.bh | E66: JALILAH ALAWI S. AHMED FADHUL | F66: أسماء خليل إبراهيم خليفة | G66: قسم التربية الاسرية | H66: 2024-2025 | J66: الفصل الدراسي الأول | K66: زيارات القيادة الوسطى لجميع المعلمات | M66: استمارة الزيارة الصفية | N66: الزيارة الثانية | O66: يتجاوز التوقعات بكثير | P66: يتجاوز التوقعات بكثير | Q66: يتجاوز التوقعات بكثير | R66: يتجاوز التوقعات بكثير | S66: يتجاوز التوقعات بكثير | T66: يتجاوز التوقعات بكثير | U66: يتجاوز التوقعات بكثير | V66: يتجاوز التوقعات بكثير | W66: يتجاوز التوقعات بكثير | X66: يتجاوز التوقعات بكثير | Y66: يتجاوز التوقعات بكثير | Z66: يتجاوز التوقعات بكثير | AA66: يتجاوز التوقعات بكثير | AB66: يتجاوز التوقعات بكثير | AC66: يتجاوز التوقعات بكثير | AD66: يتجاوز التوقعات بكثير | AE66: يتجاوز التوقعات بكثير | AF66: يتجاوز التوقعات بكثير | AG66: التحفيز المستمر من المعلمه للطالبات ربط الدرس بواقع الحياه اعداد محتوى رقمي من قبل الطالبات ابمشاركه الفاعله في الحصه اعداد انشطة مهارات تفكير عليا تقديم انشطة دعم اكاديمي لجميع الفئات | AH66: - | CK66: =IF(AND(Main!AA66="يتجاوز التوقعات بكثير", Main!AB66="يتجاوز التوقعات بكثير"), "يتجاوز التوقعات بكثير", IF(OR(AND(Main!AA66="يتجاوز التوقعات بكثير", Main!AB66="يتجاوز التوقعات"), AND(Main!AA66="يتجاوز التوقعات", Main!AB66="يتجاوز التوقعات بكثير")), "يتجاوز التوقعات", IF(AND(Main!AA66="يتجاوز التوقعات", Main!AB66="يتجاوز التوقعات"), "يتجاوز التوقعات", IF(OR(AND(Main!AA66="يتجاوز التوقعات", Main!AB66="يفي بالتوقعات"), AND(Main!AA66="يفي بالتوقعات", Main!AB66="يتجاوز التوقعات")), "يفي بالتوقعات", IF(AND(Main!AA66="يفي بالتوقعات", Main!AB66="يفي بالتوقعات"), "يفي بالتوقعات", IF(OR(AND(Main!AA66="يفي بالتوقعات", Main!AB66="يفي بالتوقعات جزئياً"), AND(Main!AA66="يفي بالتوقعات جزئياً", Main!AB66="يفي بالتوقعات")), "يفي بالتوقعات جزئياً", IF(AND(Main!AA66="يفي بالتوقعات جزئياً", Main!AB66="يفي بالتوقعات جزئياً"), "يفي بالتوقعات جزئياً", "" ))))))) -> يتجاوز التوقعات بكثير | CL66: =IF(AND(Main!AZ66="يتجاوز التوقعات بكثير", Main!BA66="يتجاوز التوقعات بكثير"), "يتجاوز التوقعات بكثير", IF(OR(AND(Main!AZ66="يتجاوز التوقعات بكثير", Main!BA66="يتجاوز التوقعات"), AND(Main!AZ66="يتجاوز التوقعات", Main!BA66="يتجاوز التوقعات بكثير")), "يتجاوز التوقعات", IF(AND(Main!AZ66="يتجاوز التوقعات", Main!BA66="يتجاوز التوقعات"), "يتجاوز التوقعات", IF(OR(AND(Main!AZ66="يتجاوز التوقعات", Main!BA66="يفي بالتوقعات"), AND(Main!AZ66="يفي بالتوقعات", Main!BA66="يتجاوز التوقعات")), "يفي بالتوقعات", IF(AND(Main!AZ66="يفي بالتوقعات", Main!BA66="يفي بالتوقعات"), "يفي بالتوقعات", IF(OR(AND(Main!AZ66="يفي بالتوقعات", Main!BA66="يفي بالتوقعات جزئياً"), AND(Main!AZ66="يفي بالتوقعات جزئياً", Main!BA66="يفي بالتوقعات")), "يفي بالتوقعات جزئياً", IF(AND(Main!AZ66="يفي بالتوقعات جزئياً", Main!BA66="يفي بالتوقعات جزئياً"), "يفي بالتوقعات جزئياً", "" )))))))
A67: 133 | B67: 45811.446 | C67: 45811.453 | D67: 780267427@moe.bh | E67: WAFAA MANSOUR | F67: عائشة علي قمبر | G67: قسم المواد الاجتماعية | H67: 2024-2025 | J67: الفصل الدراسي الأول | K67: زيارات القيادة الوسطى لجميع المعلمات | M67: استمارة الزيارة الصفية | N67: الزيارة الثانية | O67: يتجاوز التوقعات | P67: يتجاوز التوقعات | Q67: يتجاوز التوقعات | R67: يتجاوز التوقعات | S67: يتجاوز التوقعات | T67: يتجاوز التوقعات | U67: يتجاوز التوقعات | V67: يتجاوز التوقعات | W67: يتجاوز التوقعات | X67: يفي بالتوقعات | Y67: يتجاوز التوقعات | Z67: يتجاوز التوقعات | AA67: يتجاوز التوقعات | AB67: يتجاوز التوقعات | AC67: يتجاوز التوقعات | AD67: يتجاوز التوقعات | AE67: يتجاوز التوقعات | AF67: يتجاوز التوقعات | AG67: الادارة الوقتية الادارة الصفية توظيف الأنشطة المتميزة | AH67: توظيف الاستراتيجيات الحديثة والمبتكرة | CK67: =IF(AND(Main!AA67="يتجاوز التوقعات بكثير", Main!AB67="يتجاوز التوقعات بكثير"), "يتجاوز التوقعات بكثير", IF(OR(AND(Main!AA67="يتجاوز التوقعات بكثير", Main!AB67="يتجاوز التوقعات"), AND(Main!AA67="يتجاوز التوقعات", Main!AB67="يتجاوز التوقعات بكثير")), "يتجاوز التوقعات", IF(AND(Main!AA67="يتجاوز التوقعات", Main!AB67="يتجاوز التوقعات"), "يتجاوز التوقعات", IF(OR(AND(Main!AA67="يتجاوز التوقعات", Main!AB67="يفي بالتوقعات"), AND(Main!AA67="يفي بالتوقعات", Main!AB67="يتجاوز التوقعات")), "يفي بالتوقعات", IF(AND(Main!AA67="يفي بالتوقعات", Main!AB67="يفي بالتوقعات"), "يفي بالتوقعات", IF(OR(AND(Main!AA67="يفي بالتوقعات", Main!AB67="يفي بالتوقعات جزئياً"), AND(Main!AA67="يفي بالتوقعات جزئياً", Main!AB67="يفي بالتوقعات")), "يفي بالتوقعات جزئياً", IF(AND(Main!AA67="يفي بالتوقعات جزئياً", Main!AB67="يفي بالتوقعات جزئياً"), "يفي بالتوقعات جزئياً", "" ))))))) -> يتجاوز التوقعات | CL67: =IF(AND(Main!AZ67="يتجاوز التوقعات بكثير", Main!BA67="يتجاوز التوقعات بكثير"), "يتجاوز التوقعات بكثير", IF(OR(AND(Main!AZ67="يتجاوز التوقعات بكثير", Main!BA67="يتجاوز التوقعات"), AND(Main!AZ67="يتجاوز التوقعات", Main!BA67="يتجاوز التوقعات بكثير")), "يتجاوز التوقعات", IF(AND(Main!AZ67="يتجاوز التوقعات", Main!BA67="يتجاوز التوقعات"), "يتجاوز التوقعات", IF(OR(AND(Main!AZ67="يتجاوز التوقعات", Main!BA67="يفي بالتوقعات"), AND(Main!AZ67="يفي بالتوقعات", Main!BA67="يتجاوز التوقعات")), "يفي بالتوقعات", IF(AND(Main!AZ67="يفي بالتوقعات", Main!BA67="يفي بالتوقعات"), "يفي بالتوقعات", IF(OR(AND(Main!AZ67="يفي بالتوقعات", Main!BA67="يفي بالتوقعات جزئياً"), AND(Main!AZ67="يفي بالتوقعات جزئياً", Main!BA67="يفي بالتوقعات")), "يفي بالتوقعات جزئياً", IF(AND(Main!AZ67="يفي بالتوقعات جزئياً", Main!BA67="يفي بالتوقعات جزئياً"), "يفي بالتوقعات جزئياً", "" )))))))
A68: 134 | B68: 45811.447 | C68: 45811.455 | D68: 841204802@moe.bh | E68: RUQAYAH YOUSIF ABDULLA SHARIF | F68: كوثر حبيب محمود | G68: قسم اللغة الانجليزية | H68: 2024-2025 | J68: الفصل الدراسي الأول | K68: زيارات القيادة الوسطى لجميع المعلمات | M68: استمارة الزيارة الصفية | N68: الزيارة الثالثة | O68: يتجاوز التوقعات بكثير | P68: يتجاوز التوقعات بكثير | Q68: يتجاوز التوقعات بكثير | R68: يتجاوز التوقعات بكثير | S68: يتجاوز التوقعات | T68: يتجاوز التوقعات بكثير | U68: يتجاوز التوقعات بكثير | V68: يتجاوز التوقعات بكثير | W68: يتجاوز التوقعات بكثير | X68: يتجاوز التوقعات بكثير | Y68: يتجاوز التوقعات بكثير | Z68: يتجاوز التوقعات بكثير | AA68: يتجاوز التوقعات بكثير | AB68: يتجاوز التوقعات بكثير | AC68: يتجاوز التوقعات بكثير | AD68: يتجاوز التوقعات بكثير | AE68: يتجاوز التوقعات بكثير | AF68: يتجاوز التوقعات بكثير | AG68: 1. عرض انتاج رقمي معد ومقدم من قبل طالبة تظمن منصة البادليت مع الربط بالذكاء الاصطناعي 2. دمجت المعلمة المهارات كلهم (قراءة - كتابة - تحدث) 3. التعليمات واضحة والوقت واضح 4. تفعيل الادوار القيادية 5. تدريب الطالبات على مهارات الايلتس/اوطنية/ توفل 6. استخدمت استراتيحيات pre-reading / pre-writing 7. تقديم انشطة تعلم ذاتي وانتاح رقمي بعد الحصة | AH68: 1. اظهار العمل الجماعي رغم وجودهم بشكل مجموعات 2. توزيع الاوراق قبل تشغيل الوقت واعطاء التعليمات 3. الانجاز من الاقل للاعلى ولا يعطى دعم في التقييم 4. تحتاج للتحفيز اكثر | CK68: =IF(AND(Main!AA68="يتجاوز التوقعات بكثير", Main!AB68="يتجاوز التوقعات بكثير"), "يتجاوز التوقعات بكثير", IF(OR(AND(Main!AA68="يتجاوز التوقعات بكثير", Main!AB68="يتجاوز التوقعات"), AND(Main!AA68="يتجاوز التوقعات", Main!AB68="يتجاوز التوقعات بكثير")), "يتجاوز التوقعات", IF(AND(Main!AA68="يتجاوز التوقعات", Main!AB68="يتجاوز التوقعات"), "يتجاوز التوقعات", IF(OR(AND(Main!AA68="يتجاوز التوقعات", Main!AB68="يفي بالتوقعات"), AND(Main!AA68="يفي بالتوقعات", Main!AB68="يتجاوز التوقعات")), "يفي بالتوقعات", IF(AND(Main!AA68="يفي بالتوقعات", Main!AB68="يفي بالتوقعات"), "يفي بالتوقعات", IF(OR(AND(Main!AA68="يفي بالتوقعات", Main!AB68="يفي بالتوقعات جزئياً"), AND(Main!AA68="يفي بالتوقعات جزئياً", Main!AB68="يفي بالتوقعات")), "يفي بالتوقعات جزئياً", IF(AND(Main!AA68="يفي بالتوقعات جزئياً", Main!AB68="يفي بالتوقعات جزئياً"), "يفي بالتوقعات جزئياً", "" ))))))) -> يتجاوز التوقعات بكثير | CL68: =IF(AND(Main!AZ68="يتجاوز التوقعات بكثير", Main!BA68="يتجاوز التوقعات بكثير"), "يتجاوز التوقعات بكثير", IF(OR(AND(Main!AZ68="يتجاوز التوقعات بكثير", Main!BA68="يتجاوز التوقعات"), AND(Main!AZ68="يتجاوز التوقعات", Main!BA68="يتجاوز التوقعات بكثير")), "يتجاوز التوقعات", IF(AND(Main!AZ68="يتجاوز التوقعات", Main!BA68="يتجاوز التوقعات"), "يتجاوز التوقعات", IF(OR(AND(Main!AZ68="يتجاوز التوقعات", Main!BA68="يفي بالتوقعات"), AND(Main!AZ68="يفي بالتوقعات", Main!BA68="يتجاوز التوقعات")), "يفي بالتوقعات", IF(AND(Main!AZ68="يفي بالتوقعات", Main!BA68="يفي بالتوقعات"), "يفي بالتوقعات", IF(OR(AND(Main!AZ68="يفي بالتوقعات", Main!BA68="يفي بالتوقعات جزئياً"), AND(Main!AZ68="يفي بالتوقعات جزئياً", Main!BA68="يفي بالتوقعات")), "يفي بالتوقعات جزئياً", IF(AND(Main!AZ68="يفي بالتوقعات جزئياً", Main!BA68="يفي بالتوقعات جزئياً"), "يفي بالتوقعات جزئياً", "" )))))))
A69: 135 | B69: 45811.453 | C69: 45811.456 | D69: 770508340@moe.bh | E69: JALILAH ALAWI S. AHMED FADHUL | F69: أسماء خليل إبراهيم خليفة | G69: قسم التربية الاسرية | H69: 2024-2025 | J69: الفصل الدراسي الأول | K69: زيارات القيادة الوسطى لجميع المعلمات | M69: استمارة الزيارة الصفية | N69: الزيارة الثالثة | O69: يتجاوز التوقعات بكثير | P69: يتجاوز التوقعات بكثير | Q69: يتجاوز التوقعات بكثير | R69: يتجاوز التوقعات بكثير | S69: يتجاوز التوقعات بكثير | T69: يتجاوز التوقعات بكثير | U69: يتجاوز التوقعات بكثير | V69: يتجاوز التوقعات بكثير | W69: يتجاوز التوقعات | X69: يتجاوز التوقعات بكثير | Y69: يتجاوز التوقعات | Z69: يتجاوز التوقعات بكثير | AA69: يتجاوز التوقعات | AB69: يتجاوز التوقعات | AC69: يتجاوز التوقعات بكثير | AD69: يتجاوز التوقعات بكثير | AE69: يتجاوز التوقعات بكثير | AF69: يتجاوز التوقعات بكثير | AG69: تمكن المعلمه من سلامة الماده العلميه تقديم انشطة دعم اكاديمي للطالبات ومراعاة الفروق الفرديه توظيف المعلمه للادوات الرقميه | AH69: زيادة انشطة الدعم الاكاديمي | CK69: =IF(AND(Main!AA69="يتجاوز التوقعات بكثير", Main!AB69="يتجاوز التوقعات بكثير"), "يتجاوز التوقعات بكثير", IF(OR(AND(Main!AA69="يتجاوز التوقعات بكثير", Main!AB69="يتجاوز التوقعات"), AND(Main!AA69="يتجاوز التوقعات", Main!AB69="يتجاوز التوقعات بكثير")), "يتجاوز التوقعات", IF(AND(Main!AA69="يتجاوز التوقعات", Main!AB69="يتجاوز التوقعات"), "يتجاوز التوقعات", IF(OR(AND(Main!AA69="يتجاوز التوقعات", Main!AB69="يفي بالتوقعات"), AND(Main!AA69="يفي بالتوقعات", Main!AB69="يتجاوز التوقعات")), "يفي بالتوقعات", IF(AND(Main!AA69="يفي بالتوقعات", Main!AB69="يفي بالتوقعات"), "يفي بالتوقعات", IF(OR(AND(Main!AA69="يفي بالتوقعات", Main!AB69="يفي بالتوقعات جزئياً"), AND(Main!AA69="يفي بالتوقعات جزئياً", Main!AB69="يفي بالتوقعات")), "يفي بالتوقعات جزئياً", IF(AND(Main!AA69="يفي بالتوقعات جزئياً", Main!AB69="يفي بالتوقعات جزئياً"), "يفي بالتوقعات جزئياً", "" ))))))) -> يتجاوز التوقعات | CL69: =IF(AND(Main!AZ69="يتجاوز التوقعات بكثير", Main!BA69="يتجاوز التوقعات بكثير"), "يتجاوز التوقعات بكثير", IF(OR(AND(Main!AZ69="يتجاوز التوقعات بكثير", Main!BA69="يتجاوز التوقعات"), AND(Main!AZ69="يتجاوز التوقعات", Main!BA69="يتجاوز التوقعات بكثير")), "يتجاوز التوقعات", IF(AND(Main!AZ69="يتجاوز التوقعات", Main!BA69="يتجاوز التوقعات"), "يتجاوز التوقعات", IF(OR(AND(Main!AZ69="يتجاوز التوقعات", Main!BA69="يفي بالتوقعات"), AND(Main!AZ69="يفي بالتوقعات", Main!BA69="يتجاوز التوقعات")), "يفي بالتوقعات", IF(AND(Main!AZ69="يفي بالتوقعات", Main!BA69="يفي بالتوقعات"), "يفي بالتوقعات", IF(OR(AND(Main!AZ69="يفي بالتوقعات", Main!BA69="يفي بالتوقعات جزئياً"), AND(Main!AZ69="يفي بالتوقعات جزئياً", Main!BA69="يفي بالتوقعات")), "يفي بالتوقعات جزئياً", IF(AND(Main!AZ69="يفي بالتوقعات جزئياً", Main!BA69="يفي بالتوقعات جزئياً"), "يفي بالتوقعات جزئياً", "" )))))))
A70: 136 | B70: 45811.456 | C70: 45811.457 | D70: 841204802@moe.bh | E70: RUQAYAH YOUSIF ABDULLA SHARIF | F70: هدى عبدالله عبدالكريم البقالي | G70: قسم اللغة الانجليزية | H70: 2024-2025 | J70: الفصل الدراسي الأول | K70: زيارات القيادة الوسطى لجميع المعلمات | M70: استمارة الزيارة الصفية | N70: الزيارة الأولى | O70: يتجاوز التوقعات بكثير | P70: يتجاوز التوقعات بكثير | Q70: يتجاوز التوقعات بكثير | R70: يتجاوز التوقعات بكثير | S70: يتجاوز التوقعات بكثير | T70: يتجاوز التوقعات بكثير | U70: يتجاوز التوقعات بكثير | V70: يتجاوز التوقعات بكثير | W70: يتجاوز التوقعات بكثير | X70: يتجاوز التوقعات بكثير | Y70: يتجاوز التوقعات بكثير | Z70: يتجاوز التوقعات بكثير | AA70: يتجاوز التوقعات بكثير | AB70: يتجاوز التوقعات بكثير | AC70: يتجاوز التوقعات بكثير | AD70: يتجاوز التوقعات بكثير | AE70: يتجاوز التوقعات بكثير | AF70: يتجاوز التوقعات بكثير | AG70: 1. المعلمة مبدعة 2. تنوع الانشطة والاستراتيجيات 3. تفعيل الادوار القيادية | AH70: - | CK70: =IF(AND(Main!AA70="يتجاوز التوقعات بكثير", Main!AB70="يتجاوز التوقعات بكثير"), "يتجاوز التوقعات بكثير", IF(OR(AND(Main!AA70="يتجاوز التوقعات بكثير", Main!AB70="يتجاوز التوقعات"), AND(Main!AA70="يتجاوز التوقعات", Main!AB70="يتجاوز التوقعات بكثير")), "يتجاوز التوقعات", IF(AND(Main!AA70="يتجاوز التوقعات", Main!AB70="يتجاوز التوقعات"), "يتجاوز التوقعات", IF(OR(AND(Main!AA70="يتجاوز التوقعات", Main!AB70="يفي بالتوقعات"), AND(Main!AA70="يفي بالتوقعات", Main!AB70="يتجاوز التوقعات")), "يفي بالتوقعات", IF(AND(Main!AA70="يفي بالتوقعات", Main!AB70="يفي بالتوقعات"), "يفي بالتوقعات", IF(OR(AND(Main!AA70="يفي بالتوقعات", Main!AB70="يفي بالتوقعات جزئياً"), AND(Main!AA70="يفي بالتوقعات جزئياً", Main!AB70="يفي بالتوقعات")), "يفي بالتوقعات جزئياً", IF(AND(Main!AA70="يفي بالتوقعات جزئياً", Main!AB70="يفي بالتوقعات جزئياً"), "يفي بالتوقعات جزئياً", "" ))))))) -> يتجاوز التوقعات بكثير | CL70: =IF(AND(Main!AZ70="يتجاوز التوقعات بكثير", Main!BA70="يتجاوز التوقعات بكثير"), "يتجاوز التوقعات بكثير", IF(OR(AND(Main!AZ70="يتجاوز التوقعات بكثير", Main!BA70="يتجاوز التوقعات"), AND(Main!AZ70="يتجاوز التوقعات", Main!BA70="يتجاوز التوقعات بكثير")), "يتجاوز التوقعات", IF(AND(Main!AZ70="يتجاوز التوقعات", Main!BA70="يتجاوز التوقعات"), "يتجاوز التوقعات", IF(OR(AND(Main!AZ70="يتجاوز التوقعات", Main!BA70="يفي بالتوقعات"), AND(Main!AZ70="يفي بالتوقعات", Main!BA70="يتجاوز التوقعات")), "يفي بالتوقعات", IF(AND(Main!AZ70="يفي بالتوقعات", Main!BA70="يفي بالتوقعات"), "يفي بالتوقعات", IF(OR(AND(Main!AZ70="يفي بالتوقعات", Main!BA70="يفي بالتوقعات جزئياً"), AND(Main!AZ70="يفي بالتوقعات جزئياً", Main!BA70="يفي بالتوقعات")), "يفي بالتوقعات جزئياً", IF(AND(Main!AZ70="يفي بالتوقعات جزئياً", Main!BA70="يفي بالتوقعات جزئياً"), "يفي بالتوقعات جزئياً", "" )))))))
A71: 137 | B71: 45811.453 | C71: 45811.458 | D71: 780267427@moe.bh | E71: WAFAA MANSOUR | F71: عائشة علي قمبر | G71: قسم المواد الاجتماعية | H71: 2024-2025 | J71: الفصل الدراسي الأول | K71: زيارات القيادة الوسطى لجميع المعلمات | M71: استمارة الزيارة الصفية | N71: الزيارة الثالثة | O71: يتجاوز التوقعات | P71: يتجاوز التوقعات | Q71: يتجاوز التوقعات | R71: يتجاوز التوقعات | S71: يتجاوز التوقعات | T71: يتجاوز التوقعات | U71: يتجاوز التوقعات | V71: يتجاوز التوقعات | W71: يتجاوز التوقعات بكثير | X71: يتجاوز التوقعات | Y71: يتجاوز التوقعات | Z71: يتجاوز التوقعات | AA71: يتجاوز التوقعات | AB71: يتجاوز التوقعات | AC71: يتجاوز التوقعات | AD71: يتجاوز التوقعات | AE71: يتجاوز التوقعات | AF71: يتجاوز التوقعات | AG71: توظيف الاستراتيجيات المتنوعة توظيف الأنشطة المتميزة الادارة الوقتية | AH71: توظيف مهارات التفكير العليا بصورة أكثر | CK71: =IF(AND(Main!AA71="يتجاوز التوقعات بكثير", Main!AB71="يتجاوز التوقعات بكثير"), "يتجاوز التوقعات بكثير", IF(OR(AND(Main!AA71="يتجاوز التوقعات بكثير", Main!AB71="يتجاوز التوقعات"), AND(Main!AA71="يتجاوز التوقعات", Main!AB71="يتجاوز التوقعات بكثير")), "يتجاوز التوقعات", IF(AND(Main!AA71="يتجاوز التوقعات", Main!AB71="يتجاوز التوقعات"), "يتجاوز التوقعات", IF(OR(AND(Main!AA71="يتجاوز التوقعات", Main!AB71="يفي بالتوقعات"), AND(Main!AA71="يفي بالتوقعات", Main!AB71="يتجاوز التوقعات")), "يفي بالتوقعات", IF(AND(Main!AA71="يفي بالتوقعات", Main!AB71="يفي بالتوقعات"), "يفي بالتوقعات", IF(OR(AND(Main!AA71="يفي بالتوقعات", Main!AB71="يفي بالتوقعات جزئياً"), AND(Main!AA71="يفي بالتوقعات جزئياً", Main!AB71="يفي بالتوقعات")), "يفي بالتوقعات جزئياً", IF(AND(Main!AA71="يفي بالتوقعات جزئياً", Main!AB71="يفي بالتوقعات جزئياً"), "يفي بالتوقعات جزئياً", "" ))))))) -> يتجاوز التوقعات | CL71: =IF(AND(Main!AZ71="يتجاوز التوقعات بكثير", Main!BA71="يتجاوز التوقعات بكثير"), "يتجاوز التوقعات بكثير", IF(OR(AND(Main!AZ71="يتجاوز التوقعات بكثير", Main!BA71="يتجاوز التوقعات"), AND(Main!AZ71="يتجاوز التوقعات", Main!BA71="يتجاوز التوقعات بكثير")), "يتجاوز التوقعات", IF(AND(Main!AZ71="يتجاوز التوقعات", Main!BA71="يتجاوز التوقعات"), "يتجاوز التوقعات", IF(OR(AND(Main!AZ71="يتجاوز التوقعات", Main!BA71="يفي بالتوقعات"), AND(Main!AZ71="يفي بالتوقعات", Main!BA71="يتجاوز التوقعات")), "يفي بالتوقعات", IF(AND(Main!AZ71="يفي بالتوقعات", Main!BA71="يفي بالتوقعات"), "يفي بالتوقعات", IF(OR(AND(Main!AZ71="يفي بالتوقعات", Main!BA71="يفي بالتوقعات جزئياً"), AND(Main!AZ71="يفي بالتوقعات جزئياً", Main!BA71="يفي بالتوقعات")), "يفي بالتوقعات جزئياً", IF(AND(Main!AZ71="يفي بالتوقعات جزئياً", Main!BA71="يفي بالتوقعات جزئياً"), "يفي بالتوقعات جزئياً", "" )))))))
A72: 138 | B72: 45811.457 | C72: 45811.458 | D72: 841204802@moe.bh | E72: RUQAYAH YOUSIF ABDULLA SHARIF | F72: هدى عبدالله عبدالكريم البقالي | G72: قسم اللغة الانجليزية | H72: 2024-2025 | J72: الفصل الدراسي الأول | K72: زيارات القيادة الوسطى لجميع المعلمات | M72: استمارة الزيارة الصفية | N72: الزيارة الثانية | O72: يتجاوز التوقعات بكثير | P72: يتجاوز التوقعات بكثير | Q72: يتجاوز التوقعات بكثير | R72: يتجاوز التوقعات بكثير | S72: يتجاوز التوقعات بكثير | T72: يتجاوز التوقعات بكثير | U72: يتجاوز التوقعات بكثير | V72: يتجاوز التوقعات بكثير | W72: يتجاوز التوقعات بكثير | X72: يتجاوز التوقعات بكثير | Y72: يتجاوز التوقعات بكثير | Z72: يتجاوز التوقعات بكثير | AA72: يتجاوز التوقعات بكثير | AB72: يتجاوز التوقعات بكثير | AC72: يتجاوز التوقعات بكثير | AD72: يتجاوز التوقعات بكثير | AE72: يتجاوز التوقعات بكثير | AF72: يتجاوز التوقعات بكثير | AG72: 1. توفير الدعم بشكل متواصل اثناء الحصة 2. تفعيل الادوار القيادية 3. تنوع الاستراتيجيات 4. الاستثمار الفعال للوقت | AH72: - | CK72: =IF(AND(Main!AA72="يتجاوز التوقعات بكثير", Main!AB72="يتجاوز التوقعات بكثير"), "يتجاوز التوقعات بكثير", IF(OR(AND(Main!AA72="يتجاوز التوقعات بكثير", Main!AB72="يتجاوز التوقعات"), AND(Main!AA72="يتجاوز التوقعات", Main!AB72="يتجاوز التوقعات بكثير")), "يتجاوز التوقعات", IF(AND(Main!AA72="يتجاوز التوقعات", Main!AB72="يتجاوز التوقعات"), "يتجاوز التوقعات", IF(OR(AND(Main!AA72="يتجاوز التوقعات", Main!AB72="يفي بالتوقعات"), AND(Main!AA72="يفي بالتوقعات", Main!AB72="يتجاوز التوقعات")), "يفي بالتوقعات", IF(AND(Main!AA72="يفي بالتوقعات", Main!AB72="يفي بالتوقعات"), "يفي بالتوقعات", IF(OR(AND(Main!AA72="يفي بالتوقعات", Main!AB72="يفي بالتوقعات جزئياً"), AND(Main!AA72="يفي بالتوقعات جزئياً", Main!AB72="يفي بالتوقعات")), "يفي بالتوقعات جزئياً", IF(AND(Main!AA72="يفي بالتوقعات جزئياً", Main!AB72="يفي بالتوقعات جزئياً"), "يفي بالتوقعات جزئياً", "" ))))))) -> يتجاوز التوقعات بكثير | CL72: =IF(AND(Main!AZ72="يتجاوز التوقعات بكثير", Main!BA72="يتجاوز التوقعات بكثير"), "يتجاوز التوقعات بكثير", IF(OR(AND(Main!AZ72="يتجاوز التوقعات بكثير", Main!BA72="يتجاوز التوقعات"), AND(Main!AZ72="يتجاوز التوقعات", Main!BA72="يتجاوز التوقعات بكثير")), "يتجاوز التوقعات", IF(AND(Main!AZ72="يتجاوز التوقعات", Main!BA72="يتجاوز التوقعات"), "يتجاوز التوقعات", IF(OR(AND(Main!AZ72="يتجاوز التوقعات", Main!BA72="يفي بالتوقعات"), AND(Main!AZ72="يفي بالتوقعات", Main!BA72="يتجاوز التوقعات")), "يفي بالتوقعات", IF(AND(Main!AZ72="يفي بالتوقعات", Main!BA72="يفي بالتوقعات"), "يفي بالتوقعات", IF(OR(AND(Main!AZ72="يفي بالتوقعات", Main!BA72="يفي بالتوقعات جزئياً"), AND(Main!AZ72="يفي بالتوقعات جزئياً", Main!BA72="يفي بالتوقعات")), "يفي بالتوقعات جزئياً", IF(AND(Main!AZ72="يفي بالتوقعات جزئياً", Main!BA72="يفي بالتوقعات جزئياً"), "يفي بالتوقعات جزئياً", "" )))))))
A73: 139 | B73: 45811.458 | C73: 45811.461 | D73: 841204802@moe.bh | E73: RUQAYAH YOUSIF ABDULLA SHARIF | F73: هدى عبدالله عبدالكريم البقالي | G73: قسم اللغة الانجليزية | H73: 2024-2025 | J73: الفصل الدراسي الأول | K73: زيارات القيادة الوسطى لجميع المعلمات | M73: استمارة الزيارة الصفية | N73: الزيارة الثالثة | O73: يتجاوز التوقعات بكثير | P73: يتجاوز التوقعات بكثير | Q73: يتجاوز التوقعات بكثير | R73: يتجاوز التوقعات بكثير | S73: يتجاوز التوقعات بكثير | T73: يتجاوز التوقعات بكثير | U73: يتجاوز التوقعات بكثير | V73: يتجاوز التوقعات بكثير | W73: يتجاوز التوقعات بكثير | X73: يتجاوز التوقعات بكثير | Y73: يتجاوز التوقعات بكثير | Z73: يتجاوز التوقعات بكثير | AA73: يتجاوز التوقعات بكثير | AB73: يتجاوز التوقعات بكثير | AC73: يتجاوز التوقعات بكثير | AD73: يتجاوز التوقعات بكثير | AE73: يتجاوز التوقعات بكثير | AF73: يتجاوز التوقعات بكثير | AG73: 1. استخدام المعلمة استراتيجيات متنوعة كالقبعات الست ومجموعات الجكسو بالاضافة للتعلم التعاوني وتفعيل الادوار القيادية بصورة واضحة 2. دمج الايلتس والامتحانات الوطنية بالمقرر 3. استثمار مثيل للوقت في الانشطة التعليمية حسبالفئات الطلابية والدعم المقدم والتقييم | AH73: - | CK73: =IF(AND(Main!AA73="يتجاوز التوقعات بكثير", Main!AB73="يتجاوز التوقعات بكثير"), "يتجاوز التوقعات بكثير", IF(OR(AND(Main!AA73="يتجاوز التوقعات بكثير", Main!AB73="يتجاوز التوقعات"), AND(Main!AA73="يتجاوز التوقعات", Main!AB73="يتجاوز التوقعات بكثير")), "يتجاوز التوقعات", IF(AND(Main!AA73="يتجاوز التوقعات", Main!AB73="يتجاوز التوقعات"), "يتجاوز التوقعات", IF(OR(AND(Main!AA73="يتجاوز التوقعات", Main!AB73="يفي بالتوقعات"), AND(Main!AA73="يفي بالتوقعات", Main!AB73="يتجاوز التوقعات")), "يفي بالتوقعات", IF(AND(Main!AA73="يفي بالتوقعات", Main!AB73="يفي بالتوقعات"), "يفي بالتوقعات", IF(OR(AND(Main!AA73="يفي بالتوقعات", Main!AB73="يفي بالتوقعات جزئياً"), AND(Main!AA73="يفي بالتوقعات جزئياً", Main!AB73="يفي بالتوقعات")), "يفي بالتوقعات جزئياً", IF(AND(Main!AA73="يفي بالتوقعات جزئياً", Main!AB73="يفي بالتوقعات جزئياً"), "يفي بالتوقعات جزئياً", "" ))))))) -> يتجاوز التوقعات بكثير | CL73: =IF(AND(Main!AZ73="يتجاوز التوقعات بكثير", Main!BA73="يتجاوز التوقعات بكثير"), "يتجاوز التوقعات بكثير", IF(OR(AND(Main!AZ73="يتجاوز التوقعات بكثير", Main!BA73="يتجاوز التوقعات"), AND(Main!AZ73="يتجاوز التوقعات", Main!BA73="يتجاوز التوقعات بكثير")), "يتجاوز التوقعات", IF(AND(Main!AZ73="يتجاوز التوقعات", Main!BA73="يتجاوز التوقعات"), "يتجاوز التوقعات", IF(OR(AND(Main!AZ73="يتجاوز التوقعات", Main!BA73="يفي بالتوقعات"), AND(Main!AZ73="يفي بالتوقعات", Main!BA73="يتجاوز التوقعات")), "يفي بالتوقعات", IF(AND(Main!AZ73="يفي بالتوقعات", Main!BA73="يفي بالتوقعات"), "يفي بالتوقعات", IF(OR(AND(Main!AZ73="يفي بالتوقعات", Main!BA73="يفي بالتوقعات جزئياً"), AND(Main!AZ73="يفي بالتوقعات جزئياً", Main!BA73="يفي بالتوقعات")), "يفي بالتوقعات جزئياً", IF(AND(Main!AZ73="يفي بالتوقعات جزئياً", Main!BA73="يفي بالتوقعات جزئياً"), "يفي بالتوقعات جزئياً", "" )))))))
A74: 140 | B74: 45811.458 | C74: 45811.463 | D74: 770508340@moe.bh | E74: JALILAH ALAWI S. AHMED FADHUL | F74: حنان السيد محمد السيد | G74: قسم التربية الاسرية | H74: 2024-2025 | J74: الفصل الدراسي الأول | K74: زيارات القيادة الوسطى لجميع المعلمات | M74: استمارة الزيارة الصفية | N74: الزيارة الأولى | O74: يتجاوز التوقعات بكثير | P74: يتجاوز التوقعات بكثير | Q74: يتجاوز التوقعات بكثير | R74: يتجاوز التوقعات بكثير | S74: يتجاوز التوقعات بكثير | T74: يتجاوز التوقعات بكثير | U74: يتجاوز التوقعات بكثير | V74: يتجاوز التوقعات بكثير | W74: يتجاوز التوقعات بكثير | X74: يتجاوز التوقعات بكثير | Y74: يتجاوز التوقعات بكثير | Z74: يتجاوز التوقعات بكثير | AA74: يتجاوز التوقعات | AB74: يتجاوز التوقعات | AC74: يتجاوز التوقعات بكثير | AD74: يتجاوز التوقعات بكثير | AE74: يتجاوز التوقعات بكثير | AF74: يتجاوز التوقعات بكثير | AG74: التحفيز المستمر للطالبات تمكن المعلمه من الاداره الصفيه والوقتيه للحصه توظيف استراتيجات تعلم وتعلم فاعله ارشادات وتوجيهات واضحه للطلبهاثناء تقديم الانشطة التعليميه | AH74: زبادةتقديم انشطة دعم اكاديمي بما يتناسب مع الفئه العمريه | CK74: =IF(AND(Main!AA74="يتجاوز التوقعات بكثير", Main!AB74="يتجاوز التوقعات بكثير"), "يتجاوز التوقعات بكثير", IF(OR(AND(Main!AA74="يتجاوز التوقعات بكثير", Main!AB74="يتجاوز التوقعات"), AND(Main!AA74="يتجاوز التوقعات", Main!AB74="يتجاوز التوقعات بكثير")), "يتجاوز التوقعات", IF(AND(Main!AA74="يتجاوز التوقعات", Main!AB74="يتجاوز التوقعات"), "يتجاوز التوقعات", IF(OR(AND(Main!AA74="يتجاوز التوقعات", Main!AB74="يفي بالتوقعات"), AND(Main!AA74="يفي بالتوقعات", Main!AB74="يتجاوز التوقعات")), "يفي بالتوقعات", IF(AND(Main!AA74="يفي بالتوقعات", Main!AB74="يفي بالتوقعات"), "يفي بالتوقعات", IF(OR(AND(Main!AA74="يفي بالتوقعات", Main!AB74="يفي بالتوقعات جزئياً"), AND(Main!AA74="يفي بالتوقعات جزئياً", Main!AB74="يفي بالتوقعات")), "يفي بالتوقعات جزئياً", IF(AND(Main!AA74="يفي بالتوقعات جزئياً", Main!AB74="يفي بالتوقعات جزئياً"), "يفي بالتوقعات جزئياً", "" ))))))) -> يتجاوز التوقعات | CL74: =IF(AND(Main!AZ74="يتجاوز التوقعات بكثير", Main!BA74="يتجاوز التوقعات بكثير"), "يتجاوز التوقعات بكثير", IF(OR(AND(Main!AZ74="يتجاوز التوقعات بكثير", Main!BA74="يتجاوز التوقعات"), AND(Main!AZ74="يتجاوز التوقعات", Main!BA74="يتجاوز التوقعات بكثير")), "يتجاوز التوقعات", IF(AND(Main!AZ74="يتجاوز التوقعات", Main!BA74="يتجاوز التوقعات"), "يتجاوز التوقعات", IF(OR(AND(Main!AZ74="يتجاوز التوقعات", Main!BA74="يفي بالتوقعات"), AND(Main!AZ74="يفي بالتوقعات", Main!BA74="يتجاوز التوقعات")), "يفي بالتوقعات", IF(AND(Main!AZ74="يفي بالتوقعات", Main!BA74="يفي بالتوقعات"), "يفي بالتوقعات", IF(OR(AND(Main!AZ74="يفي بالتوقعات", Main!BA74="يفي بالتوقعات جزئياً"), AND(Main!AZ74="يفي بالتوقعات جزئياً", Main!BA74="يفي بالتوقعات")), "يفي بالتوقعات جزئياً", IF(AND(Main!AZ74="يفي بالتوقعات جزئياً", Main!BA74="يفي بالتوقعات جزئياً"), "يفي بالتوقعات جزئياً", "" )))))))
A75: 141 | B75: 45811.461 | C75: 45811.463 | D75: 841204802@moe.bh | E75: RUQAYAH YOUSIF ABDULLA SHARIF | F75: مريم عبد الكريم راشد | G75: قسم اللغة الانجليزية | H75: 2024-2025 | J75: الفصل الدراسي الأول | K75: زيارات القيادة الوسطى لجميع المعلمات | M75: استمارة الزيارة الصفية | N75: الزيارة الأولى | O75: يتجاوز التوقعات بكثير | P75: يتجاوز التوقعات بكثير | Q75: يتجاوز التوقعات بكثير | R75: يتجاوز التوقعات بكثير | S75: يتجاوز التوقعات بكثير | T75: يتجاوز التوقعات بكثير | U75: يتجاوز التوقعات بكثير | V75: يتجاوز التوقعات بكثير | W75: يتجاوز التوقعات بكثير | X75: يتجاوز التوقعات بكثير | Y75: يتجاوز التوقعات بكثير | Z75: يتجاوز التوقعات بكثير | AA75: يتجاوز التوقعات | AB75: يتجاوز التوقعات | AC75: يتجاوز التوقعات بكثير | AD75: يتجاوز التوقعات بكثير | AE75: يتجاوز التوقعات بكثير | AF75: يتجاوز التوقعات بكثير | AG75: 1.المعلمة نشيطة وعلاقتها وطيدة مع الطالبات 2. تنوع الانشطة ومراعاة الفروق الفردية 3. ريط المقرر بالمجنمع المحلي 4. تنوع الاستراتيجيات المستخدمة 5. تفعيل الادوار القيادية للطلبة | AH75: - | CK75: =IF(AND(Main!AA75="يتجاوز التوقعات بكثير", Main!AB75="يتجاوز التوقعات بكثير"), "يتجاوز التوقعات بكثير", IF(OR(AND(Main!AA75="يتجاوز التوقعات بكثير", Main!AB75="يتجاوز التوقعات"), AND(Main!AA75="يتجاوز التوقعات", Main!AB75="يتجاوز التوقعات بكثير")), "يتجاوز التوقعات", IF(AND(Main!AA75="يتجاوز التوقعات", Main!AB75="يتجاوز التوقعات"), "يتجاوز التوقعات", IF(OR(AND(Main!AA75="يتجاوز التوقعات", Main!AB75="يفي بالتوقعات"), AND(Main!AA75="يفي بالتوقعات", Main!AB75="يتجاوز التوقعات")), "يفي بالتوقعات", IF(AND(Main!AA75="يفي بالتوقعات", Main!AB75="يفي بالتوقعات"), "يفي بالتوقعات", IF(OR(AND(Main!AA75="يفي بالتوقعات", Main!AB75="يفي بالتوقعات جزئياً"), AND(Main!AA75="يفي بالتوقعات جزئياً", Main!AB75="يفي بالتوقعات")), "يفي بالتوقعات جزئياً", IF(AND(Main!AA75="يفي بالتوقعات جزئياً", Main!AB75="يفي بالتوقعات جزئياً"), "يفي بالتوقعات جزئياً", "" ))))))) -> يتجاوز التوقعات | CL75: =IF(AND(Main!AZ75="يتجاوز التوقعات بكثير", Main!BA75="يتجاوز التوقعات بكثير"), "يتجاوز التوقعات بكثير", IF(OR(AND(Main!AZ75="يتجاوز التوقعات بكثير", Main!BA75="يتجاوز التوقعات"), AND(Main!AZ75="يتجاوز التوقعات", Main!BA75="يتجاوز التوقعات بكثير")), "يتجاوز التوقعات", IF(AND(Main!AZ75="يتجاوز التوقعات", Main!BA75="يتجاوز التوقعات"), "يتجاوز التوقعات", IF(OR(AND(Main!AZ75="يتجاوز التوقعات", Main!BA75="يفي بالتوقعات"), AND(Main!AZ75="يفي بالتوقعات", Main!BA75="يتجاوز التوقعات")), "يفي بالتوقعات", IF(AND(Main!AZ75="يفي بالتوقعات", Main!BA75="يفي بالتوقعات"), "يفي بالتوقعات", IF(OR(AND(Main!AZ75="يفي بالتوقعات", Main!BA75="يفي بالتوقعات جزئياً"), AND(Main!AZ75="يفي بالتوقعات جزئياً", Main!BA75="يفي بالتوقعات")), "يفي بالتوقعات جزئياً", IF(AND(Main!AZ75="يفي بالتوقعات جزئياً", Main!BA75="يفي بالتوقعات جزئياً"), "يفي بالتوقعات جزئياً", "" )))))))
A76: 142 | B76: 45811.463 | C76: 45811.465 | D76: 841204802@moe.bh | E76: RUQAYAH YOUSIF ABDULLA SHARIF | F76: مريم عبد الكريم راشد | G76: قسم اللغة الانجليزية | H76: 2024-2025 | J76: الفصل الدراسي الأول | K76: زيارات القيادة الوسطى لجميع المعلمات | M76: استمارة الزيارة الصفية | N76: الزيارة الثانية | O76: يتجاوز التوقعات بكثير | P76: يتجاوز التوقعات بكثير | Q76: يتجاوز التوقعات بكثير | R76: يتجاوز التوقعات بكثير | S76: يتجاوز التوقعات بكثير | T76: يتجاوز التوقعات بكثير | U76: يتجاوز التوقعات بكثير | V76: يتجاوز التوقعات بكثير | W76: يتجاوز التوقعات بكثير | X76: يتجاوز التوقعات بكثير | Y76: يتجاوز التوقعات بكثير | Z76: يتجاوز التوقعات بكثير | AA76: يتجاوز التوقعات بكثير | AB76: يتجاوز التوقعات بكثير | AC76: يتجاوز التوقعات بكثير | AD76: يتجاوز التوقعات بكثير | AE76: يتجاوز التوقعات بكثير | AF76: يتجاوز التوقعات بكثير | AG76: 1. ربط الدرس بالidioms (IELTS) 2. تنوع الاستراتيجيات المستخدمة 3. تنوع التحفيز اللفظي والغير لفظي 4. مراعاة الفروق الفردية للطالبات 5. توفير بيئة آممنة وممتعة للطالبات | AH76: - | CK76: =IF(AND(Main!AA76="يتجاوز التوقعات بكثير", Main!AB76="يتجاوز التوقعات بكثير"), "يتجاوز التوقعات بكثير", IF(OR(AND(Main!AA76="يتجاوز التوقعات بكثير", Main!AB76="يتجاوز التوقعات"), AND(Main!AA76="يتجاوز التوقعات", Main!AB76="يتجاوز التوقعات بكثير")), "يتجاوز التوقعات", IF(AND(Main!AA76="يتجاوز التوقعات", Main!AB76="يتجاوز التوقعات"), "يتجاوز التوقعات", IF(OR(AND(Main!AA76="يتجاوز التوقعات", Main!AB76="يفي بالتوقعات"), AND(Main!AA76="يفي بالتوقعات", Main!AB76="يتجاوز التوقعات")), "يفي بالتوقعات", IF(AND(Main!AA76="يفي بالتوقعات", Main!AB76="يفي بالتوقعات"), "يفي بالتوقعات", IF(OR(AND(Main!AA76="يفي بالتوقعات", Main!AB76="يفي بالتوقعات جزئياً"), AND(Main!AA76="يفي بالتوقعات جزئياً", Main!AB76="يفي بالتوقعات")), "يفي بالتوقعات جزئياً", IF(AND(Main!AA76="يفي بالتوقعات جزئياً", Main!AB76="يفي بالتوقعات جزئياً"), "يفي بالتوقعات جزئياً", "" ))))))) -> يتجاوز التوقعات بكثير | CL76: =IF(AND(Main!AZ76="يتجاوز التوقعات بكثير", Main!BA76="يتجاوز التوقعات بكثير"), "يتجاوز التوقعات بكثير", IF(OR(AND(Main!AZ76="يتجاوز التوقعات بكثير", Main!BA76="يتجاوز التوقعات"), AND(Main!AZ76="يتجاوز التوقعات", Main!BA76="يتجاوز التوقعات بكثير")), "يتجاوز التوقعات", IF(AND(Main!AZ76="يتجاوز التوقعات", Main!BA76="يتجاوز التوقعات"), "يتجاوز التوقعات", IF(OR(AND(Main!AZ76="يتجاوز التوقعات", Main!BA76="يفي بالتوقعات"), AND(Main!AZ76="يفي بالتوقعات", Main!BA76="يتجاوز التوقعات")), "يفي بالتوقعات", IF(AND(Main!AZ76="يفي بالتوقعات", Main!BA76="يفي بالتوقعات"), "يفي بالتوقعات", IF(OR(AND(Main!AZ76="يفي بالتوقعات", Main!BA76="يفي بالتوقعات جزئياً"), AND(Main!AZ76="يفي بالتوقعات جزئياً", Main!BA76="يفي بالتوقعات")), "يفي بالتوقعات جزئياً", IF(AND(Main!AZ76="يفي بالتوقعات جزئياً", Main!BA76="يفي بالتوقعات جزئياً"), "يفي بالتوقعات جزئياً", "" )))))))
A77: 143 | B77: 45811.458 | C77: 45811.466 | D77: 780267427@moe.bh | E77: WAFAA MANSOUR | F77: زينب سيف احمد المنتصر | G77: قسم المواد الاجتماعية | H77: 2024-2025 | J77: الفصل الدراسي الأول | K77: زيارات القيادة الوسطى لجميع المعلمات | M77: استمارة الزيارة الصفية | N77: الزيارة الأولى | O77: يتجاوز التوقعات | P77: يتجاوز التوقعات | Q77: يتجاوز التوقعات | R77: يتجاوز التوقعات | S77: يفي بالتوقعات | T77: يتجاوز التوقعات | U77: يفي بالتوقعات | V77: يفي بالتوقعات | W77: يتجاوز التوقعات | X77: يتجاوز التوقعات | Y77: يتجاوز التوقعات | Z77: يتجاوز التوقعات | AA77: يتجاوز التوقعات | AB77: يتجاوز التوقعات | AC77: يتجاوز التوقعات | AD77: يتجاوز التوقعات | AE77: يتجاوز التوقعات | AF77: يتجاوز التوقعات | AG77: الادارة الوقتية الادارة الصفية التحفيز توظيف الذكاء الاصطناعي | AH77: توظيف الاستراتيجيات الحديثة والمبتكرة | CK77: =IF(AND(Main!AA77="يتجاوز التوقعات بكثير", Main!AB77="يتجاوز التوقعات بكثير"), "يتجاوز التوقعات بكثير", IF(OR(AND(Main!AA77="يتجاوز التوقعات بكثير", Main!AB77="يتجاوز التوقعات"), AND(Main!AA77="يتجاوز التوقعات", Main!AB77="يتجاوز التوقعات بكثير")), "يتجاوز التوقعات", IF(AND(Main!AA77="يتجاوز التوقعات", Main!AB77="يتجاوز التوقعات"), "يتجاوز التوقعات", IF(OR(AND(Main!AA77="يتجاوز التوقعات", Main!AB77="يفي بالتوقعات"), AND(Main!AA77="يفي بالتوقعات", Main!AB77="يتجاوز التوقعات")), "يفي بالتوقعات", IF(AND(Main!AA77="يفي بالتوقعات", Main!AB77="يفي بالتوقعات"), "يفي بالتوقعات", IF(OR(AND(Main!AA77="يفي بالتوقعات", Main!AB77="يفي بالتوقعات جزئياً"), AND(Main!AA77="يفي بالتوقعات جزئياً", Main!AB77="يفي بالتوقعات")), "يفي بالتوقعات جزئياً", IF(AND(Main!AA77="يفي بالتوقعات جزئياً", Main!AB77="يفي بالتوقعات جزئياً"), "يفي بالتوقعات جزئياً", "" ))))))) -> يتجاوز التوقعات | CL77: =IF(AND(Main!AZ77="يتجاوز التوقعات بكثير", Main!BA77="يتجاوز التوقعات بكثير"), "يتجاوز التوقعات بكثير", IF(OR(AND(Main!AZ77="يتجاوز التوقعات بكثير", Main!BA77="يتجاوز التوقعات"), AND(Main!AZ77="يتجاوز التوقعات", Main!BA77="يتجاوز التوقعات بكثير")), "يتجاوز التوقعات", IF(AND(Main!AZ77="يتجاوز التوقعات", Main!BA77="يتجاوز التوقعات"), "يتجاوز التوقعات", IF(OR(AND(Main!AZ77="يتجاوز التوقعات", Main!BA77="يفي بالتوقعات"), AND(Main!AZ77="يفي بالتوقعات", Main!BA77="يتجاوز التوقعات")), "يفي بالتوقعات", IF(AND(Main!AZ77="يفي بالتوقعات", Main!BA77="يفي بالتوقعات"), "يفي بالتوقعات", IF(OR(AND(Main!AZ77="يفي بالتوقعات", Main!BA77="يفي بالتوقعات جزئياً"), AND(Main!AZ77="يفي بالتوقعات جزئياً", Main!BA77="يفي بالتوقعات")), "يفي بالتوقعات جزئياً", IF(AND(Main!AZ77="يفي بالتوقعات جزئياً", Main!BA77="يفي بالتوقعات جزئياً"), "يفي بالتوقعات جزئياً", "" )))))))
... A87: 153 | B87: 45811.479 | C87: 45811.482 | D87: 841204802@moe.bh | E87: RUQAYAH YOUSIF ABDULLA SHARIF | F87: نوال عبدالودود محمد | G87: قسم اللغة الانجليزية | H87: 2024-2025 | J87: الفصل الدراسي الأول | K87: زيارات القيادة الوسطى لجميع المعلمات | M87: استمارة الزيارة الصفية | N87: الزيارة الثالثة | O87: يتجاوز التوقعات | P87: يتجاوز التوقعات | Q87: يتجاوز التوقعات | R87: يفي بالتوقعات | S87: يتجاوز التوقعات | T87: يتجاوز التوقعات | U87: يفي بالتوقعات | V87: يفي بالتوقعات | W87: يفي بالتوقعات | X87: يتجاوز التوقعات | Y87: يتجاوز التوقعات | Z87: يتجاوز التوقعات | AA87: يفي بالتوقعات | AB87: يفي بالتوقعات | AC87: يتجاوز التوقعات | AD87: يتجاوز التوقعات | AE87: يتجاوز التوقعات | AF87: يتجاوز التوقعات | AG87: 1. وضوح الادوار الطلابية بصورة طيبة 2. تشجيع الطلاب على المنتجات الرقمية 3. تنوع الموار والانشطة 4. تطور أداء المعلمة 5. وجدو أنشطة داعمة | AH87: 1. الادارة الوقتية والتحفيز 2. تنتوع اساليب التشاركية ودقة متابعة الاعمال الكتابية | CK87: =IF(AND(Main!AA87="يتجاوز التوقعات بكثير", Main!AB87="يتجاوز التوقعات بكثير"), "يتجاوز التوقعات بكثير", IF(OR(AND(Main!AA87="يتجاوز التوقعات بكثير", Main!AB87="يتجاوز التوقعات"), AND(Main!AA87="يتجاوز التوقعات", Main!AB87="يتجاوز التوقعات بكثير")), "يتجاوز التوقعات", IF(AND(Main!AA87="يتجاوز التوقعات", Main!AB87="يتجاوز التوقعات"), "يتجاوز التوقعات", IF(OR(AND(Main!AA87="يتجاوز التوقعات", Main!AB87="يفي بالتوقعات"), AND(Main!AA87="يفي بالتوقعات", Main!AB87="يتجاوز التوقعات")), "يفي بالتوقعات", IF(AND(Main!AA87="يفي بالتوقعات", Main!AB87="يفي بالتوقعات"), "يفي بالتوقعات", IF(OR(AND(Main!AA87="يفي بالتوقعات", Main!AB87="يفي بالتوقعات جزئياً"), AND(Main!AA87="يفي بالتوقعات جزئياً", Main!AB87="يفي بالتوقعات")), "يفي بالتوقعات جزئياً", IF(AND(Main!AA87="يفي بالتوقعات جزئياً", Main!AB87="يفي بالتوقعات جزئياً"), "يفي بالتوقعات جزئياً", "" ))))))) -> يفي بالتوقعات | CL87: =IF(AND(Main!AZ87="يتجاوز التوقعات بكثير", Main!BA87="يتجاوز التوقعات بكثير"), "يتجاوز التوقعات بكثير", IF(OR(AND(Main!AZ87="يتجاوز التوقعات بكثير", Main!BA87="يتجاوز التوقعات"), AND(Main!AZ87="يتجاوز التوقعات", Main!BA87="يتجاوز التوقعات بكثير")), "يتجاوز التوقعات", IF(AND(Main!AZ87="يتجاوز التوقعات", Main!BA87="يتجاوز التوقعات"), "يتجاوز التوقعات", IF(OR(AND(Main!AZ87="يتجاوز التوقعات", Main!BA87="يفي بالتوقعات"), AND(Main!AZ87="يفي بالتوقعات", Main!BA87="يتجاوز التوقعات")), "يفي بالتوقعات", IF(AND(Main!AZ87="يفي بالتوقعات", Main!BA87="يفي بالتوقعات"), "يفي بالتوقعات", IF(OR(AND(Main!AZ87="يفي بالتوقعات", Main!BA87="يفي بالتوقعات جزئياً"), AND(Main!AZ87="يفي بالتوقعات جزئياً", Main!BA87="يفي بالتوقعات")), "يفي بالتوقعات جزئياً", IF(AND(Main!AZ87="يفي بالتوقعات جزئياً", Main!BA87="يفي بالتوقعات جزئياً"), "يفي بالتوقعات جزئياً", "" )))))))
A88: 154 | B88: 45811.502 | C88: 45811.506 | D88: 870605941@moe.bh | E88: FADHEELA SHEHAB ALI YUSUF | F88: فضيلة شهاب علي | G88: قسم المواد التجارية | H88: 2024-2025 | J88: الفصل الدراسي الأول | K88: زيارات القيادة العليا للقيادة الوسطى | N88: الزيارة الأولى | O88: يتجاوز التوقعات بكثير | P88: يتجاوز التوقعات بكثير | Q88: يتجاوز التوقعات بكثير | R88: يتجاوز التوقعات بكثير | S88: يتجاوز التوقعات بكثير | T88: يتجاوز التوقعات بكثير | U88: يتجاوز التوقعات بكثير | V88: يتجاوز التوقعات بكثير | W88: يتجاوز التوقعات بكثير | X88: يتجاوز التوقعات بكثير | Y88: يتجاوز التوقعات بكثير | Z88: يتجاوز التوقعات بكثير | AA88: يتجاوز التوقعات بكثير | AB88: يتجاوز التوقعات بكثير | AC88: يتجاوز التوقعات بكثير | AD88: يتجاوز التوقعات بكثير | AE88: يتجاوز التوقعات بكثير | AF88: يتجاوز التوقعات بكثير | AG88: تحفيز الطالبات ورفع دافعيتهم وتوزيع أدوار قيادية وظفت المعلمة أساليب تحفيز متنوعة خلال الموقف التعليمي | AH88: زيادة أسئلة مهارات التفكير العليا | CK88: =IF(AND(Main!AA88="يتجاوز التوقعات بكثير", Main!AB88="يتجاوز التوقعات بكثير"), "يتجاوز التوقعات بكثير", IF(OR(AND(Main!AA88="يتجاوز التوقعات بكثير", Main!AB88="يتجاوز التوقعات"), AND(Main!AA88="يتجاوز التوقعات", Main!AB88="يتجاوز التوقعات بكثير")), "يتجاوز التوقعات", IF(AND(Main!AA88="يتجاوز التوقعات", Main!AB88="يتجاوز التوقعات"), "يتجاوز التوقعات", IF(OR(AND(Main!AA88="يتجاوز التوقعات", Main!AB88="يفي بالتوقعات"), AND(Main!AA88="يفي بالتوقعات", Main!AB88="يتجاوز التوقعات")), "يفي بالتوقعات", IF(AND(Main!AA88="يفي بالتوقعات", Main!AB88="يفي بالتوقعات"), "يفي بالتوقعات", IF(OR(AND(Main!AA88="يفي بالتوقعات", Main!AB88="يفي بالتوقعات جزئياً"), AND(Main!AA88="يفي بالتوقعات جزئياً", Main!AB88="يفي بالتوقعات")), "يفي بالتوقعات جزئياً", IF(AND(Main!AA88="يفي بالتوقعات جزئياً", Main!AB88="يفي بالتوقعات جزئياً"), "يفي بالتوقعات جزئياً", "" ))))))) -> يتجاوز التوقعات بكثير | CL88: =IF(AND(Main!AZ88="يتجاوز التوقعات بكثير", Main!BA88="يتجاوز التوقعات بكثير"), "يتجاوز التوقعات بكثير", IF(OR(AND(Main!AZ88="يتجاوز التوقعات بكثير", Main!BA88="يتجاوز التوقعات"), AND(Main!AZ88="يتجاوز التوقعات", Main!BA88="يتجاوز التوقعات بكثير")), "يتجاوز التوقعات", IF(AND(Main!AZ88="يتجاوز التوقعات", Main!BA88="يتجاوز التوقعات"), "يتجاوز التوقعات", IF(OR(AND(Main!AZ88="يتجاوز التوقعات", Main!BA88="يفي بالتوقعات"), AND(Main!AZ88="يفي بالتوقعات", Main!BA88="يتجاوز التوقعات")), "يفي بالتوقعات", IF(AND(Main!AZ88="يفي بالتوقعات", Main!BA88="يفي بالتوقعات"), "يفي بالتوقعات", IF(OR(AND(Main!AZ88="يفي بالتوقعات", Main!BA88="يفي بالتوقعات جزئياً"), AND(Main!AZ88="يفي بالتوقعات جزئياً", Main!BA88="يفي بالتوقعات")), "يفي بالتوقعات جزئياً", IF(AND(Main!AZ88="يفي بالتوقعات جزئياً", Main!BA88="يفي بالتوقعات جزئياً"), "يفي بالتوقعات جزئياً", "" )))))))
A89: 155 | B89: 45811.506 | C89: 45811.508 | D89: 870605941@moe.bh | E89: FADHEELA SHEHAB ALI YUSUF | F89: فضيلة شهاب علي | G89: قسم المواد التجارية | H89: 2024-2025 | J89: الفصل الدراسي الأول | K89: زيارات القيادة العليا للقيادة الوسطى | N89: الزيارة الثانية | O89: يتجاوز التوقعات بكثير | P89: يتجاوز التوقعات بكثير | Q89: يتجاوز التوقعات بكثير | R89: يتجاوز التوقعات بكثير | S89: يتجاوز التوقعات بكثير | T89: يتجاوز التوقعات بكثير | U89: يتجاوز التوقعات بكثير | V89: يتجاوز التوقعات بكثير | W89: يتجاوز التوقعات بكثير | X89: يتجاوز التوقعات بكثير | Y89: يتجاوز التوقعات بكثير | Z89: يتجاوز التوقعات بكثير | AA89: يتجاوز التوقعات بكثير | AB89: يتجاوز التوقعات بكثير | AC89: يتجاوز التوقعات بكثير | AD89: يتجاوز التوقعات بكثير | AE89: يتجاوز التوقعات بكثير | AF89: يتجاوز التوقعات بكثير | AG89: إظهار الطالبات الثقة بالنفس والقدرة على القيادة والمبادرة والابتكار وظفت المعلمة استراتيجيات فاعلة كانت فيها الطالبات محور العملية التعليمية | AH89: تقليل الوقت المستغرق في المقدمة | CK89: =IF(AND(Main!AA89="يتجاوز التوقعات بكثير", Main!AB89="يتجاوز التوقعات بكثير"), "يتجاوز التوقعات بكثير", IF(OR(AND(Main!AA89="يتجاوز التوقعات بكثير", Main!AB89="يتجاوز التوقعات"), AND(Main!AA89="يتجاوز التوقعات", Main!AB89="يتجاوز التوقعات بكثير")), "يتجاوز التوقعات", IF(AND(Main!AA89="يتجاوز التوقعات", Main!AB89="يتجاوز التوقعات"), "يتجاوز التوقعات", IF(OR(AND(Main!AA89="يتجاوز التوقعات", Main!AB89="يفي بالتوقعات"), AND(Main!AA89="يفي بالتوقعات", Main!AB89="يتجاوز التوقعات")), "يفي بالتوقعات", IF(AND(Main!AA89="يفي بالتوقعات", Main!AB89="يفي بالتوقعات"), "يفي بالتوقعات", IF(OR(AND(Main!AA89="يفي بالتوقعات", Main!AB89="يفي بالتوقعات جزئياً"), AND(Main!AA89="يفي بالتوقعات جزئياً", Main!AB89="يفي بالتوقعات")), "يفي بالتوقعات جزئياً", IF(AND(Main!AA89="يفي بالتوقعات جزئياً", Main!AB89="يفي بالتوقعات جزئياً"), "يفي بالتوقعات جزئياً", "" ))))))) -> يتجاوز التوقعات بكثير | CL89: =IF(AND(Main!AZ89="يتجاوز التوقعات بكثير", Main!BA89="يتجاوز التوقعات بكثير"), "يتجاوز التوقعات بكثير", IF(OR(AND(Main!AZ89="يتجاوز التوقعات بكثير", Main!BA89="يتجاوز التوقعات"), AND(Main!AZ89="يتجاوز التوقعات", Main!BA89="يتجاوز التوقعات بكثير")), "يتجاوز التوقعات", IF(AND(Main!AZ89="يتجاوز التوقعات", Main!BA89="يتجاوز التوقعات"), "يتجاوز التوقعات", IF(OR(AND(Main!AZ89="يتجاوز التوقعات", Main!BA89="يفي بالتوقعات"), AND(Main!AZ89="يفي بالتوقعات", Main!BA89="يتجاوز التوقعات")), "يفي بالتوقعات", IF(AND(Main!AZ89="يفي بالتوقعات", Main!BA89="يفي بالتوقعات"), "يفي بالتوقعات", IF(OR(AND(Main!AZ89="يفي بالتوقعات", Main!BA89="يفي بالتوقعات جزئياً"), AND(Main!AZ89="يفي بالتوقعات جزئياً", Main!BA89="يفي بالتوقعات")), "يفي بالتوقعات جزئياً", IF(AND(Main!AZ89="يفي بالتوقعات جزئياً", Main!BA89="يفي بالتوقعات جزئياً"), "يفي بالتوقعات جزئياً", "" )))))))
A90: 156 | B90: 45811.508 | C90: 45811.509 | D90: 870605941@moe.bh | E90: FADHEELA SHEHAB ALI YUSUF | F90: فضيلة شهاب علي | G90: قسم المواد التجارية | H90: 2024-2025 | J90: الفصل الدراسي الأول | K90: زيارات القيادة العليا للقيادة الوسطى | N90: الزيارة الثالثة | O90: يتجاوز التوقعات بكثير | P90: يتجاوز التوقعات بكثير | Q90: يتجاوز التوقعات بكثير | R90: يتجاوز التوقعات بكثير | S90: يتجاوز التوقعات بكثير | T90: يتجاوز التوقعات بكثير | U90: يتجاوز التوقعات بكثير | V90: يتجاوز التوقعات بكثير | W90: يتجاوز التوقعات بكثير | X90: يتجاوز التوقعات بكثير | Y90: يتجاوز التوقعات بكثير | Z90: يتجاوز التوقعات بكثير | AA90: يتجاوز التوقعات بكثير | AB90: يتجاوز التوقعات بكثير | AC90: يتجاوز التوقعات بكثير | AD90: يتجاوز التوقعات بكثير | AE90: يتجاوز التوقعات بكثير | AF90: يتجاوز التوقعات بكثير | AG90: توظيف التقويم والاستفادة من نتائجه في دعم جميع فئات الطالبات قدمت المعلمة أنشطة التقويم وقدمت تغذية راجعة بمناقشة إجابات الطالبات وأعطت أنشطة دعم إثرائية وعلاجية | AH90: عرض صورة البوابة للطالبات لمعرفة الأنشطة المرفوعة | CK90: =IF(AND(Main!AA90="يتجاوز التوقعات بكثير", Main!AB90="يتجاوز التوقعات بكثير"), "يتجاوز التوقعات بكثير", IF(OR(AND(Main!AA90="يتجاوز التوقعات بكثير", Main!AB90="يتجاوز التوقعات"), AND(Main!AA90="يتجاوز التوقعات", Main!AB90="يتجاوز التوقعات بكثير")), "يتجاوز التوقعات", IF(AND(Main!AA90="يتجاوز التوقعات", Main!AB90="يتجاوز التوقعات"), "يتجاوز التوقعات", IF(OR(AND(Main!AA90="يتجاوز التوقعات", Main!AB90="يفي بالتوقعات"), AND(Main!AA90="يفي بالتوقعات", Main!AB90="يتجاوز التوقعات")), "يفي بالتوقعات", IF(AND(Main!AA90="يفي بالتوقعات", Main!AB90="يفي بالتوقعات"), "يفي بالتوقعات", IF(OR(AND(Main!AA90="يفي بالتوقعات", Main!AB90="يفي بالتوقعات جزئياً"), AND(Main!AA90="يفي بالتوقعات جزئياً", Main!AB90="يفي بالتوقعات")), "يفي بالتوقعات جزئياً", IF(AND(Main!AA90="يفي بالتوقعات جزئياً", Main!AB90="يفي بالتوقعات جزئياً"), "يفي بالتوقعات جزئياً", "" ))))))) -> يتجاوز التوقعات بكثير | CL90: =IF(AND(Main!AZ90="يتجاوز التوقعات بكثير", Main!BA90="يتجاوز التوقعات بكثير"), "يتجاوز التوقعات بكثير", IF(OR(AND(Main!AZ90="يتجاوز التوقعات بكثير", Main!BA90="يتجاوز التوقعات"), AND(Main!AZ90="يتجاوز التوقعات", Main!BA90="يتجاوز التوقعات بكثير")), "يتجاوز التوقعات", IF(AND(Main!AZ90="يتجاوز التوقعات", Main!BA90="يتجاوز التوقعات"), "يتجاوز التوقعات", IF(OR(AND(Main!AZ90="يتجاوز التوقعات", Main!BA90="يفي بالتوقعات"), AND(Main!AZ90="يفي بالتوقعات", Main!BA90="يتجاوز التوقعات")), "يفي بالتوقعات", IF(AND(Main!AZ90="يفي بالتوقعات", Main!BA90="يفي بالتوقعات"), "يفي بالتوقعات", IF(OR(AND(Main!AZ90="يفي بالتوقعات", Main!BA90="يفي بالتوقعات جزئياً"), AND(Main!AZ90="يفي بالتوقعات جزئياً", Main!BA90="يفي بالتوقعات")), "يفي بالتوقعات جزئياً", IF(AND(Main!AZ90="يفي بالتوقعات جزئياً", Main!BA90="يفي بالتوقعات جزئياً"), "يفي بالتوقعات جزئياً", "" )))))))
A91: 157 | B91: 45811.51 | C91: 45811.513 | D91: 870605941@moe.bh | E91: FADHEELA SHEHAB ALI YUSUF | F91: زكية السيد عدنان شبر | G91: قسم المواد التجارية | H91: 2024-2025 | J91: الفصل الدراسي الأول | K91: زيارات القيادة الوسطى لجميع المعلمات | M91: استمارة الزيارة الصفية | N91: الزيارة الأولى | O91: يتجاوز التوقعات بكثير | P91: يتجاوز التوقعات بكثير | Q91: يتجاوز التوقعات | R91: يتجاوز التوقعات | S91: يتجاوز التوقعات بكثير | T91: يتجاوز التوقعات بكثير | U91: يتجاوز التوقعات | V91: يتجاوز التوقعات | W91: يتجاوز التوقعات بكثير | X91: يتجاوز التوقعات | Y91: يتجاوز التوقعات بكثير | Z91: يتجاوز التوقعات | AA91: يتجاوز التوقعات | AB91: يتجاوز التوقعات | AC91: يتجاوز التوقعات | AD91: يتجاوز التوقعات | AE91: يتجاوز التوقعات | AF91: يتجاوز التوقعات | AG91: تحفيز الطالبات ورفع دافعيتهم وتوزيع أدوار قيادية وظفت المعلمة أساليب تحفيز متنوعة خلال الموقف التعليمي | AH91: تضمين الموقف التعليمي إرشادات وتوجيهات واضحة | CK91: =IF(AND(Main!AA91="يتجاوز التوقعات بكثير", Main!AB91="يتجاوز التوقعات بكثير"), "يتجاوز التوقعات بكثير", IF(OR(AND(Main!AA91="يتجاوز التوقعات بكثير", Main!AB91="يتجاوز التوقعات"), AND(Main!AA91="يتجاوز التوقعات", Main!AB91="يتجاوز التوقعات بكثير")), "يتجاوز التوقعات", IF(AND(Main!AA91="يتجاوز التوقعات", Main!AB91="يتجاوز التوقعات"), "يتجاوز التوقعات", IF(OR(AND(Main!AA91="يتجاوز التوقعات", Main!AB91="يفي بالتوقعات"), AND(Main!AA91="يفي بالتوقعات", Main!AB91="يتجاوز التوقعات")), "يفي بالتوقعات", IF(AND(Main!AA91="يفي بالتوقعات", Main!AB91="يفي بالتوقعات"), "يفي بالتوقعات", IF(OR(AND(Main!AA91="يفي بالتوقعات", Main!AB91="يفي بالتوقعات جزئياً"), AND(Main!AA91="يفي بالتوقعات جزئياً", Main!AB91="يفي بالتوقعات")), "يفي بالتوقعات جزئياً", IF(AND(Main!AA91="يفي بالتوقعات جزئياً", Main!AB91="يفي بالتوقعات جزئياً"), "يفي بالتوقعات جزئياً", "" ))))))) -> يتجاوز التوقعات | CL91: =IF(AND(Main!AZ91="يتجاوز التوقعات بكثير", Main!BA91="يتجاوز التوقعات بكثير"), "يتجاوز التوقعات بكثير", IF(OR(AND(Main!AZ91="يتجاوز التوقعات بكثير", Main!BA91="يتجاوز التوقعات"), AND(Main!AZ91="يتجاوز التوقعات", Main!BA91="يتجاوز التوقعات بكثير")), "يتجاوز التوقعات", IF(AND(Main!AZ91="يتجاوز التوقعات", Main!BA91="يتجاوز التوقعات"), "يتجاوز التوقعات", IF(OR(AND(Main!AZ91="يتجاوز التوقعات", Main!BA91="يفي بالتوقعات"), AND(Main!AZ91="يفي بالتوقعات", Main!BA91="يتجاوز التوقعات")), "يفي بالتوقعات", IF(AND(Main!AZ91="يفي بالتوقعات", Main!BA91="يفي بالتوقعات"), "يفي بالتوقعات", IF(OR(AND(Main!AZ91="يفي بالتوقعات", Main!BA91="يفي بالتوقعات جزئياً"), AND(Main!AZ91="يفي بالتوقعات جزئياً", Main!BA91="يفي بالتوقعات")), "يفي بالتوقعات جزئياً", IF(AND(Main!AZ91="يفي بالتوقعات جزئياً", Main!BA91="يفي بالتوقعات جزئياً"), "يفي بالتوقعات جزئياً", "" )))))))
A92: 158 | B92: 45811.513 | C92: 45811.515 | D92: 870605941@moe.bh | E92: FADHEELA SHEHAB ALI YUSUF | F92: زكية السيد عدنان شبر | G92: قسم المواد التجارية | H92: 2024-2025 | J92: الفصل الدراسي الأول | K92: زيارات القيادة الوسطى لجميع المعلمات | M92: استمارة الزيارة الصفية | N92: الزيارة الثانية | O92: يتجاوز التوقعات بكثير | P92: يتجاوز التوقعات بكثير | Q92: يتجاوز التوقعات | R92: يتجاوز التوقعات | S92: يتجاوز التوقعات بكثير | T92: يتجاوز التوقعات بكثير | U92: يتجاوز التوقعات | V92: يتجاوز التوقعات | W92: يتجاوز التوقعات بكثير | X92: يتجاوز التوقعات | Y92: يتجاوز التوقعات بكثير | Z92: يتجاوز التوقعات | AA92: يتجاوز التوقعات | AB92: يتجاوز التوقعات | AC92: يتجاوز التوقعات بكثير | AD92: يتجاوز التوقعات بكثير | AE92: يتجاوز التوقعات بكثير | AF92: يتجاوز التوقعات | AG92: اتساق تخطيط الدرس مع الكفايات التعليمية للمنهج قدمت المعلمة محتوى مناسب للحصة ملائم للكفيات التعليمية المطلوبة | AH92: توظيف التعليم المتمايز في الأنشطة التعليمية | CK92: =IF(AND(Main!AA92="يتجاوز التوقعات بكثير", Main!AB92="يتجاوز التوقعات بكثير"), "يتجاوز التوقعات بكثير", IF(OR(AND(Main!AA92="يتجاوز التوقعات بكثير", Main!AB92="يتجاوز التوقعات"), AND(Main!AA92="يتجاوز التوقعات", Main!AB92="يتجاوز التوقعات بكثير")), "يتجاوز التوقعات", IF(AND(Main!AA92="يتجاوز التوقعات", Main!AB92="يتجاوز التوقعات"), "يتجاوز التوقعات", IF(OR(AND(Main!AA92="يتجاوز التوقعات", Main!AB92="يفي بالتوقعات"), AND(Main!AA92="يفي بالتوقعات", Main!AB92="يتجاوز التوقعات")), "يفي بالتوقعات", IF(AND(Main!AA92="يفي بالتوقعات", Main!AB92="يفي بالتوقعات"), "يفي بالتوقعات", IF(OR(AND(Main!AA92="يفي بالتوقعات", Main!AB92="يفي بالتوقعات جزئياً"), AND(Main!AA92="يفي بالتوقعات جزئياً", Main!AB92="يفي بالتوقعات")), "يفي بالتوقعات جزئياً", IF(AND(Main!AA92="يفي بالتوقعات جزئياً", Main!AB92="يفي بالتوقعات جزئياً"), "يفي بالتوقعات جزئياً", "" ))))))) -> يتجاوز التوقعات | CL92: =IF(AND(Main!AZ92="يتجاوز التوقعات بكثير", Main!BA92="يتجاوز التوقعات بكثير"), "يتجاوز التوقعات بكثير", IF(OR(AND(Main!AZ92="يتجاوز التوقعات بكثير", Main!BA92="يتجاوز التوقعات"), AND(Main!AZ92="يتجاوز التوقعات", Main!BA92="يتجاوز التوقعات بكثير")), "يتجاوز التوقعات", IF(AND(Main!AZ92="يتجاوز التوقعات", Main!BA92="يتجاوز التوقعات"), "يتجاوز التوقعات", IF(OR(AND(Main!AZ92="يتجاوز التوقعات", Main!BA92="يفي بالتوقعات"), AND(Main!AZ92="يفي بالتوقعات", Main!BA92="يتجاوز التوقعات")), "يفي بالتوقعات", IF(AND(Main!AZ92="يفي بالتوقعات", Main!BA92="يفي بالتوقعات"), "يفي بالتوقعات", IF(OR(AND(Main!AZ92="يفي بالتوقعات", Main!BA92="يفي بالتوقعات جزئياً"), AND(Main!AZ92="يفي بالتوقعات جزئياً", Main!BA92="يفي بالتوقعات")), "يفي بالتوقعات جزئياً", IF(AND(Main!AZ92="يفي بالتوقعات جزئياً", Main!BA92="يفي بالتوقعات جزئياً"), "يفي بالتوقعات جزئياً", "" )))))))
A93: 159 | B93: 45811.515 | C93: 45811.521 | D93: 870605941@moe.bh | E93: FADHEELA SHEHAB ALI YUSUF | F93: زكية السيد عدنان شبر | G93: قسم المواد التجارية | H93: 2024-2025 | J93: الفصل الدراسي الأول | K93: زيارات القيادة الوسطى لجميع المعلمات | M93: استمارة الزيارة الصفية | N93: الزيارة الثالثة | O93: يتجاوز التوقعات بكثير | P93: يتجاوز التوقعات بكثير | Q93: يتجاوز التوقعات بكثير | R93: يتجاوز التوقعات بكثير | S93: يتجاوز التوقعات بكثير | T93: يتجاوز التوقعات | U93: يتجاوز التوقعات | V93: يتجاوز التوقعات | W93: يتجاوز التوقعات بكثير | X93: يتجاوز التوقعات بكثير | Y93: يتجاوز التوقعات بكثير | Z93: يتجاوز التوقعات | AA93: يتجاوز التوقعات | AB93: يتجاوز التوقعات | AC93: يتجاوز التوقعات | AD93: يتجاوز التوقعات | AE93: يتجاوز التوقعات بكثير | AF93: يتجاوز التوقعات بكثير | AG93: تضمين الموقف التعليمي إرشادات وتوجيهات واضحة تضمنت شرائح العرض والأنشطة إرشادات وتعليمات واضحة | AH93: تشجيع الطالبات على الإنتاج الرقمي | CK93: =IF(AND(Main!AA93="يتجاوز التوقعات بكثير", Main!AB93="يتجاوز التوقعات بكثير"), "يتجاوز التوقعات بكثير", IF(OR(AND(Main!AA93="يتجاوز التوقعات بكثير", Main!AB93="يتجاوز التوقعات"), AND(Main!AA93="يتجاوز التوقعات", Main!AB93="يتجاوز التوقعات بكثير")), "يتجاوز التوقعات", IF(AND(Main!AA93="يتجاوز التوقعات", Main!AB93="يتجاوز التوقعات"), "يتجاوز التوقعات", IF(OR(AND(Main!AA93="يتجاوز التوقعات", Main!AB93="يفي بالتوقعات"), AND(Main!AA93="يفي بالتوقعات", Main!AB93="يتجاوز التوقعات")), "يفي بالتوقعات", IF(AND(Main!AA93="يفي بالتوقعات", Main!AB93="يفي بالتوقعات"), "يفي بالتوقعات", IF(OR(AND(Main!AA93="يفي بالتوقعات", Main!AB93="يفي بالتوقعات جزئياً"), AND(Main!AA93="يفي بالتوقعات جزئياً", Main!AB93="يفي بالتوقعات")), "يفي بالتوقعات جزئياً", IF(AND(Main!AA93="يفي بالتوقعات جزئياً", Main!AB93="يفي بالتوقعات جزئياً"), "يفي بالتوقعات جزئياً", "" ))))))) -> يتجاوز التوقعات | CL93: =IF(AND(Main!AZ93="يتجاوز التوقعات بكثير", Main!BA93="يتجاوز التوقعات بكثير"), "يتجاوز التوقعات بكثير", IF(OR(AND(Main!AZ93="يتجاوز التوقعات بكثير", Main!BA93="يتجاوز التوقعات"), AND(Main!AZ93="يتجاوز التوقعات", Main!BA93="يتجاوز التوقعات بكثير")), "يتجاوز التوقعات", IF(AND(Main!AZ93="يتجاوز التوقعات", Main!BA93="يتجاوز التوقعات"), "يتجاوز التوقعات", IF(OR(AND(Main!AZ93="يتجاوز التوقعات", Main!BA93="يفي بالتوقعات"), AND(Main!AZ93="يفي بالتوقعات", Main!BA93="يتجاوز التوقعات")), "يفي بالتوقعات", IF(AND(Main!AZ93="يفي بالتوقعات", Main!BA93="يفي بالتوقعات"), "يفي بالتوقعات", IF(OR(AND(Main!AZ93="يفي بالتوقعات", Main!BA93="يفي بالتوقعات جزئياً"), AND(Main!AZ93="يفي بالتوقعات جزئياً", Main!BA93="يفي بالتوقعات")), "يفي بالتوقعات جزئياً", IF(AND(Main!AZ93="يفي بالتوقعات جزئياً", Main!BA93="يفي بالتوقعات جزئياً"), "يفي بالتوقعات جزئياً", "" )))))))
A94: 160 | B94: 45811.521 | C94: 45811.524 | D94: 870605941@moe.bh | E94: FADHEELA SHEHAB ALI YUSUF | F94: فاطمة السيد ناصر القصاب | G94: قسم المواد التجارية | H94: 2024-2025 | J94: الفصل الدراسي الأول | K94: زيارات القيادة الوسطى لجميع المعلمات | M94: استمارة الزيارة الصفية | N94: الزيارة الأولى | O94: يتجاوز التوقعات بكثير | P94: يتجاوز التوقعات بكثير | Q94: يتجاوز التوقعات بكثير | R94: يتجاوز التوقعات بكثير | S94: يتجاوز التوقعات بكثير | T94: يتجاوز التوقعات بكثير | U94: يتجاوز التوقعات بكثير | V94: يتجاوز التوقعات بكثير | W94: يتجاوز التوقعات بكثير | X94: يتجاوز التوقعات بكثير | Y94: يتجاوز التوقعات بكثير | Z94: يتجاوز التوقعات بكثير | AA94: يتجاوز التوقعات بكثير | AB94: يتجاوز التوقعات بكثير | AC94: يتجاوز التوقعات بكثير | AD94: يتجاوز التوقعات بكثير | AE94: يتجاوز التوقعات بكثير | AF94: يتجاوز التوقعات بكثير | AG94: تنمية مهارات الطالبات التكنلوجية تضمن الموقف التعليمي إنتاجات رقمية من إعداد الطالبات | AH94: تقليل وقت المقدمة | CK94: =IF(AND(Main!AA94="يتجاوز التوقعات بكثير", Main!AB94="يتجاوز التوقعات بكثير"), "يتجاوز التوقعات بكثير", IF(OR(AND(Main!AA94="يتجاوز التوقعات بكثير", Main!AB94="يتجاوز التوقعات"), AND(Main!AA94="يتجاوز التوقعات", Main!AB94="يتجاوز التوقعات بكثير")), "يتجاوز التوقعات", IF(AND(Main!AA94="يتجاوز التوقعات", Main!AB94="يتجاوز التوقعات"), "يتجاوز التوقعات", IF(OR(AND(Main!AA94="يتجاوز التوقعات", Main!AB94="يفي بالتوقعات"), AND(Main!AA94="يفي بالتوقعات", Main!AB94="يتجاوز التوقعات")), "يفي بالتوقعات", IF(AND(Main!AA94="يفي بالتوقعات", Main!AB94="يفي بالتوقعات"), "يفي بالتوقعات", IF(OR(AND(Main!AA94="يفي بالتوقعات", Main!AB94="يفي بالتوقعات جزئياً"), AND(Main!AA94="يفي بالتوقعات جزئياً", Main!AB94="يفي بالتوقعات")), "يفي بالتوقعات جزئياً", IF(AND(Main!AA94="يفي بالتوقعات جزئياً", Main!AB94="يفي بالتوقعات جزئياً"), "يفي بالتوقعات جزئياً", "" ))))))) -> يتجاوز التوقعات بكثير | CL94: =IF(AND(Main!AZ94="يتجاوز التوقعات بكثير", Main!BA94="يتجاوز التوقعات بكثير"), "يتجاوز التوقعات بكثير", IF(OR(AND(Main!AZ94="يتجاوز التوقعات بكثير", Main!BA94="يتجاوز التوقعات"), AND(Main!AZ94="يتجاوز التوقعات", Main!BA94="يتجاوز التوقعات بكثير")), "يتجاوز التوقعات", IF(AND(Main!AZ94="يتجاوز التوقعات", Main!BA94="يتجاوز التوقعات"), "يتجاوز التوقعات", IF(OR(AND(Main!AZ94="يتجاوز التوقعات", Main!BA94="يفي بالتوقعات"), AND(Main!AZ94="يفي بالتوقعات", Main!BA94="يتجاوز التوقعات")), "يفي بالتوقعات", IF(AND(Main!AZ94="يفي بالتوقعات", Main!BA94="يفي بالتوقعات"), "يفي بالتوقعات", IF(OR(AND(Main!AZ94="يفي بالتوقعات", Main!BA94="يفي بالتوقعات جزئياً"), AND(Main!AZ94="يفي بالتوقعات جزئياً", Main!BA94="يفي بالتوقعات")), "يفي بالتوقعات جزئياً", IF(AND(Main!AZ94="يفي بالتوقعات جزئياً", Main!BA94="يفي بالتوقعات جزئياً"), "يفي بالتوقعات جزئياً", "" )))))))
A95: 161 | B95: 45811.524 | C95: 45811.525 | D95: 870605941@moe.bh | E95: FADHEELA SHEHAB ALI YUSUF | F95: فاطمة السيد ناصر القصاب | G95: قسم المواد التجارية | H95: 2024-2025 | J95: الفصل الدراسي الأول | K95: زيارات القيادة الوسطى لجميع المعلمات | M95: استمارة الزيارة الصفية | N95: الزيارة الثانية | O95: يتجاوز التوقعات بكثير | P95: يتجاوز التوقعات بكثير | Q95: يتجاوز التوقعات بكثير | R95: يتجاوز التوقعات بكثير | S95: يتجاوز التوقعات بكثير | T95: يتجاوز التوقعات بكثير | U95: يتجاوز التوقعات بكثير | V95: يتجاوز التوقعات بكثير | W95: يتجاوز التوقعات بكثير | X95: يتجاوز التوقعات بكثير | Y95: يتجاوز التوقعات بكثير | Z95: يتجاوز التوقعات بكثير | AA95: يتجاوز التوقعات بكثير | AB95: يتجاوز التوقعات بكثير | AC95: يتجاوز التوقعات بكثير | AD95: يتجاوز التوقعات بكثير | AE95: يتجاوز التوقعات بكثير | AF95: يتجاوز التوقعات بكثير | AG95: اكتساب الطالبات مهارات التعلم توظيف أنشطة تقويم تبين مدى اكتساب الطالبات لمهارات التعلم | AH95: إعطاء ادوار قيادية للطالبات | CK95: =IF(AND(Main!AA95="يتجاوز التوقعات بكثير", Main!AB95="يتجاوز التوقعات بكثير"), "يتجاوز التوقعات بكثير", IF(OR(AND(Main!AA95="يتجاوز التوقعات بكثير", Main!AB95="يتجاوز التوقعات"), AND(Main!AA95="يتجاوز التوقعات", Main!AB95="يتجاوز التوقعات بكثير")), "يتجاوز التوقعات", IF(AND(Main!AA95="يتجاوز التوقعات", Main!AB95="يتجاوز التوقعات"), "يتجاوز التوقعات", IF(OR(AND(Main!AA95="يتجاوز التوقعات", Main!AB95="يفي بالتوقعات"), AND(Main!AA95="يفي بالتوقعات", Main!AB95="يتجاوز التوقعات")), "يفي بالتوقعات", IF(AND(Main!AA95="يفي بالتوقعات", Main!AB95="يفي بالتوقعات"), "يفي بالتوقعات", IF(OR(AND(Main!AA95="يفي بالتوقعات", Main!AB95="يفي بالتوقعات جزئياً"), AND(Main!AA95="يفي بالتوقعات جزئياً", Main!AB95="يفي بالتوقعات")), "يفي بالتوقعات جزئياً", IF(AND(Main!AA95="يفي بالتوقعات جزئياً", Main!AB95="يفي بالتوقعات جزئياً"), "يفي بالتوقعات جزئياً", "" ))))))) -> يتجاوز التوقعات بكثير | CL95: =IF(AND(Main!AZ95="يتجاوز التوقعات بكثير", Main!BA95="يتجاوز التوقعات بكثير"), "يتجاوز التوقعات بكثير", IF(OR(AND(Main!AZ95="يتجاوز التوقعات بكثير", Main!BA95="يتجاوز التوقعات"), AND(Main!AZ95="يتجاوز التوقعات", Main!BA95="يتجاوز التوقعات بكثير")), "يتجاوز التوقعات", IF(AND(Main!AZ95="يتجاوز التوقعات", Main!BA95="يتجاوز التوقعات"), "يتجاوز التوقعات", IF(OR(AND(Main!AZ95="يتجاوز التوقعات", Main!BA95="يفي بالتوقعات"), AND(Main!AZ95="يفي بالتوقعات", Main!BA95="يتجاوز التوقعات")), "يفي بالتوقعات", IF(AND(Main!AZ95="يفي بالتوقعات", Main!BA95="يفي بالتوقعات"), "يفي بالتوقعات", IF(OR(AND(Main!AZ95="يفي بالتوقعات", Main!BA95="يفي بالتوقعات جزئياً"), AND(Main!AZ95="يفي بالتوقعات جزئياً", Main!BA95="يفي بالتوقعات")), "يفي بالتوقعات جزئياً", IF(AND(Main!AZ95="يفي بالتوقعات جزئياً", Main!BA95="يفي بالتوقعات جزئياً"), "يفي بالتوقعات جزئياً", "" )))))))
A96: 162 | B96: 45811.523 | C96: 45811.527 | D96: 810401037@moe.bh | E96: NAJAH AHMED ABDULHUSAIN MAITHAM | F96: نجاح أحمد ميثم | G96: قسم التربية الاسلامية | H96: 2024-2025 | J96: الفصل الدراسي الأول | K96: زيارات القيادة الوسطى لجميع المعلمات | M96: استمارة الزيارة الصفية | N96: الزيارة الأولى | O96: يتجاوز التوقعات بكثير | P96: يتجاوز التوقعات بكثير | Q96: يتجاوز التوقعات بكثير | R96: يتجاوز التوقعات بكثير | S96: يتجاوز التوقعات بكثير | T96: يتجاوز التوقعات بكثير | U96: يتجاوز التوقعات بكثير | V96: يتجاوز التوقعات بكثير | W96: يتجاوز التوقعات بكثير | X96: يتجاوز التوقعات بكثير | Y96: يتجاوز التوقعات بكثير | Z96: يتجاوز التوقعات بكثير | AA96: يتجاوز التوقعات بكثير | AB96: يتجاوز التوقعات بكثير | AC96: يتجاوز التوقعات بكثير | AD96: يتجاوز التوقعات بكثير | AE96: يتجاوز التوقعات بكثير | AF96: يتجاوز التوقعات بكثير | AG96: تنوع الاستراتيجيات الفاعلة في الهدف الثاني والاستفادة من مواهب الطالبات في اثناء الموقف التعليمي الدعم الاكاديمي لجميع فئات الطالبات | AH96: لا يوجد | CK96: =IF(AND(Main!AA96="يتجاوز التوقعات بكثير", Main!AB96="يتجاوز التوقعات بكثير"), "يتجاوز التوقعات بكثير", IF(OR(AND(Main!AA96="يتجاوز التوقعات بكثير", Main!AB96="يتجاوز التوقعات"), AND(Main!AA96="يتجاوز التوقعات", Main!AB96="يتجاوز التوقعات بكثير")), "يتجاوز التوقعات", IF(AND(Main!AA96="يتجاوز التوقعات", Main!AB96="يتجاوز التوقعات"), "يتجاوز التوقعات", IF(OR(AND(Main!AA96="يتجاوز التوقعات", Main!AB96="يفي بالتوقعات"), AND(Main!AA96="يفي بالتوقعات", Main!AB96="يتجاوز التوقعات")), "يفي بالتوقعات", IF(AND(Main!AA96="يفي بالتوقعات", Main!AB96="يفي بالتوقعات"), "يفي بالتوقعات", IF(OR(AND(Main!AA96="يفي بالتوقعات", Main!AB96="يفي بالتوقعات جزئياً"), AND(Main!AA96="يفي بالتوقعات جزئياً", Main!AB96="يفي بالتوقعات")), "يفي بالتوقعات جزئياً", IF(AND(Main!AA96="يفي بالتوقعات جزئياً", Main!AB96="يفي بالتوقعات جزئياً"), "يفي بالتوقعات جزئياً", "" ))))))) -> يتجاوز التوقعات بكثير | CL96: =IF(AND(Main!AZ96="يتجاوز التوقعات بكثير", Main!BA96="يتجاوز التوقعات بكثير"), "يتجاوز التوقعات بكثير", IF(OR(AND(Main!AZ96="يتجاوز التوقعات بكثير", Main!BA96="يتجاوز التوقعات"), AND(Main!AZ96="يتجاوز التوقعات", Main!BA96="يتجاوز التوقعات بكثير")), "يتجاوز التوقعات", IF(AND(Main!AZ96="يتجاوز التوقعات", Main!BA96="يتجاوز التوقعات"), "يتجاوز التوقعات", IF(OR(AND(Main!AZ96="يتجاوز التوقعات", Main!BA96="يفي بالتوقعات"), AND(Main!AZ96="يفي بالتوقعات", Main!BA96="يتجاوز التوقعات")), "يفي بالتوقعات", IF(AND(Main!AZ96="يفي بالتوقعات", Main!BA96="يفي بالتوقعات"), "يفي بالتوقعات", IF(OR(AND(Main!AZ96="يفي بالتوقعات", Main!BA96="يفي بالتوقعات جزئياً"), AND(Main!AZ96="يفي بالتوقعات جزئياً", Main!BA96="يفي بالتوقعات")), "يفي بالتوقعات جزئياً", IF(AND(Main!AZ96="يفي بالتوقعات جزئياً", Main!BA96="يفي بالتوقعات جزئياً"), "يفي بالتوقعات جزئياً", "" )))))))
A97: 163 | B97: 45811.525 | C97: 45811.528 | D97: 870605941@moe.bh | E97: FADHEELA SHEHAB ALI YUSUF | F97: فاطمة السيد ناصر القصاب | G97: قسم المواد التجارية | H97: 2024-2025 | J97: الفصل الدراسي الأول | K97: زيارات القيادة الوسطى لجميع المعلمات | M97: استمارة الزيارة الصفية | N97: الزيارة الثالثة | O97: يتجاوز التوقعات بكثير | P97: يتجاوز التوقعات بكثير | Q97: يتجاوز التوقعات بكثير | R97: يتجاوز التوقعات بكثير | S97: يتجاوز التوقعات بكثير | T97: يتجاوز التوقعات بكثير | U97: يتجاوز التوقعات بكثير | V97: يتجاوز التوقعات بكثير | W97: يتجاوز التوقعات بكثير | X97: يتجاوز التوقعات بكثير | Y97: يتجاوز التوقعات بكثير | Z97: يتجاوز التوقعات بكثير | AA97: يتجاوز التوقعات بكثير | AB97: يتجاوز التوقعات بكثير | AC97: يتجاوز التوقعات بكثير | AD97: يتجاوز التوقعات بكثير | AE97: يتجاوز التوقعات بكثير | AF97: يتجاوز التوقعات بكثير | AG97: توفير بيئة تعلم آمنة ومحفزة توظيف أساليب تحفيز متنوعة | AH97: التنويع في أسئلة مهارات التفكير العليا | CK97: =IF(AND(Main!AA97="يتجاوز التوقعات بكثير", Main!AB97="يتجاوز التوقعات بكثير"), "يتجاوز التوقعات بكثير", IF(OR(AND(Main!AA97="يتجاوز التوقعات بكثير", Main!AB97="يتجاوز التوقعات"), AND(Main!AA97="يتجاوز التوقعات", Main!AB97="يتجاوز التوقعات بكثير")), "يتجاوز التوقعات", IF(AND(Main!AA97="يتجاوز التوقعات", Main!AB97="يتجاوز التوقعات"), "يتجاوز التوقعات", IF(OR(AND(Main!AA97="يتجاوز التوقعات", Main!AB97="يفي بالتوقعات"), AND(Main!AA97="يفي بالتوقعات", Main!AB97="يتجاوز التوقعات")), "يفي بالتوقعات", IF(AND(Main!AA97="يفي بالتوقعات", Main!AB97="يفي بالتوقعات"), "يفي بالتوقعات", IF(OR(AND(Main!AA97="يفي بالتوقعات", Main!AB97="يفي بالتوقعات جزئياً"), AND(Main!AA97="يفي بالتوقعات جزئياً", Main!AB97="يفي بالتوقعات")), "يفي بالتوقعات جزئياً", IF(AND(Main!AA97="يفي بالتوقعات جزئياً", Main!AB97="يفي بالتوقعات جزئياً"), "يفي بالتوقعات جزئياً", "" ))))))) -> يتجاوز التوقعات بكثير | CL97: =IF(AND(Main!AZ97="يتجاوز التوقعات بكثير", Main!BA97="يتجاوز التوقعات بكثير"), "يتجاوز التوقعات بكثير", IF(OR(AND(Main!AZ97="يتجاوز التوقعات بكثير", Main!BA97="يتجاوز التوقعات"), AND(Main!AZ97="يتجاوز التوقعات", Main!BA97="يتجاوز التوقعات بكثير")), "يتجاوز التوقعات", IF(AND(Main!AZ97="يتجاوز التوقعات", Main!BA97="يتجاوز التوقعات"), "يتجاوز التوقعات", IF(OR(AND(Main!AZ97="يتجاوز التوقعات", Main!BA97="يفي بالتوقعات"), AND(Main!AZ97="يفي بالتوقعات", Main!BA97="يتجاوز التوقعات")), "يفي بالتوقعات", IF(AND(Main!AZ97="يفي بالتوقعات", Main!BA97="يفي بالتوقعات"), "يفي بالتوقعات", IF(OR(AND(Main!AZ97="يفي بالتوقعات", Main!BA97="يفي بالتوقعات جزئياً"), AND(Main!AZ97="يفي بالتوقعات جزئياً", Main!BA97="يفي بالتوقعات")), "يفي بالتوقعات جزئياً", IF(AND(Main!AZ97="يفي بالتوقعات جزئياً", Main!BA97="يفي بالتوقعات جزئياً"), "يفي بالتوقعات جزئياً", "" )))))))
A98: 164 | B98: 45811.527 | C98: 45811.529 | D98: 810401037@moe.bh | E98: NAJAH AHMED ABDULHUSAIN MAITHAM | F98: نجاح أحمد ميثم | G98: قسم التربية الاسلامية | H98: 2024-2025 | J98: الفصل الدراسي الأول | K98: زيارات القيادة العليا للقيادة الوسطى | O98: يتجاوز التوقعات بكثير | P98: يتجاوز التوقعات بكثير | Q98: يتجاوز التوقعات بكثير | R98: يتجاوز التوقعات بكثير | S98: يتجاوز التوقعات بكثير | T98: يتجاوز التوقعات بكثير | U98: يتجاوز التوقعات بكثير | V98: يتجاوز التوقعات بكثير | W98: يتجاوز التوقعات بكثير | X98: يتجاوز التوقعات بكثير | Y98: يتجاوز التوقعات بكثير | Z98: يتجاوز التوقعات بكثير | AA98: يتجاوز التوقعات بكثير | AB98: يتجاوز التوقعات بكثير | AC98: يتجاوز التوقعات بكثير | AD98: يتجاوز التوقعات بكثير | AE98: يتجاوز التوقعات بكثير | AF98: يتجاوز التوقعات بكثير | AG98: عرض انتاج رقمي للطالبات والاستفادة منها في نتائج التقويم في دعم الطالبات | AH98: لا يوجد | CK98: =IF(AND(Main!AA98="يتجاوز التوقعات بكثير", Main!AB98="يتجاوز التوقعات بكثير"), "يتجاوز التوقعات بكثير", IF(OR(AND(Main!AA98="يتجاوز التوقعات بكثير", Main!AB98="يتجاوز التوقعات"), AND(Main!AA98="يتجاوز التوقعات", Main!AB98="يتجاوز التوقعات بكثير")), "يتجاوز التوقعات", IF(AND(Main!AA98="يتجاوز التوقعات", Main!AB98="يتجاوز التوقعات"), "يتجاوز التوقعات", IF(OR(AND(Main!AA98="يتجاوز التوقعات", Main!AB98="يفي بالتوقعات"), AND(Main!AA98="يفي بالتوقعات", Main!AB98="يتجاوز التوقعات")), "يفي بالتوقعات", IF(AND(Main!AA98="يفي بالتوقعات", Main!AB98="يفي بالتوقعات"), "يفي بالتوقعات", IF(OR(AND(Main!AA98="يفي بالتوقعات", Main!AB98="يفي بالتوقعات جزئياً"), AND(Main!AA98="يفي بالتوقعات جزئياً", Main!AB98="يفي بالتوقعات")), "يفي بالتوقعات جزئياً", IF(AND(Main!AA98="يفي بالتوقعات جزئياً", Main!AB98="يفي بالتوقعات جزئياً"), "يفي بالتوقعات جزئياً", "" ))))))) -> يتجاوز التوقعات بكثير | CL98: =IF(AND(Main!AZ98="يتجاوز التوقعات بكثير", Main!BA98="يتجاوز التوقعات بكثير"), "يتجاوز التوقعات بكثير", IF(OR(AND(Main!AZ98="يتجاوز التوقعات بكثير", Main!BA98="يتجاوز التوقعات"), AND(Main!AZ98="يتجاوز التوقعات", Main!BA98="يتجاوز التوقعات بكثير")), "يتجاوز التوقعات", IF(AND(Main!AZ98="يتجاوز التوقعات", Main!BA98="يتجاوز التوقعات"), "يتجاوز التوقعات", IF(OR(AND(Main!AZ98="يتجاوز التوقعات", Main!BA98="يفي بالتوقعات"), AND(Main!AZ98="يفي بالتوقعات", Main!BA98="يتجاوز التوقعات")), "يفي بالتوقعات", IF(AND(Main!AZ98="يفي بالتوقعات", Main!BA98="يفي بالتوقعات"), "يفي بالتوقعات", IF(OR(AND(Main!AZ98="يفي بالتوقعات", Main!BA98="يفي بالتوقعات جزئياً"), AND(Main!AZ98="يفي بالتوقعات جزئياً", Main!BA98="يفي بالتوقعات")), "يفي بالتوقعات جزئياً", IF(AND(Main!AZ98="يفي بالتوقعات جزئياً", Main!BA98="يفي بالتوقعات جزئياً"), "يفي بالتوقعات جزئياً", "" )))))))
A99: 165 | B99: 45811.528 | C99: 45811.53 | D99: 870605941@moe.bh | E99: FADHEELA SHEHAB ALI YUSUF | F99: عهود سعد سلمان | G99: قسم المواد التجارية | H99: 2024-2025 | J99: الفصل الدراسي الأول | K99: زيارات القيادة الوسطى لجميع المعلمات | M99: استمارة الزيارة الصفية | N99: الزيارة الأولى | O99: يتجاوز التوقعات بكثير | P99: يتجاوز التوقعات بكثير | Q99: يتجاوز التوقعات | R99: يتجاوز التوقعات | S99: يتجاوز التوقعات بكثير | T99: يتجاوز التوقعات بكثير | U99: يتجاوز التوقعات | V99: يتجاوز التوقعات | W99: يتجاوز التوقعات بكثير | X99: يتجاوز التوقعات | Y99: يتجاوز التوقعات بكثير | Z99: يتجاوز التوقعات | AA99: يتجاوز التوقعات | AB99: يتجاوز التوقعات | AC99: يتجاوز التوقعات | AD99: يتجاوز التوقعات | AE99: يتجاوز التوقعات | AF99: يتجاوز التوقعات | AG99: توفير بيئة تعلم أمنة ومحفزة توظيف أساليب تحفيز متنوعة | AH99: إعطاء أدوار قيادية للطالبات | CK99: =IF(AND(Main!AA99="يتجاوز التوقعات بكثير", Main!AB99="يتجاوز التوقعات بكثير"), "يتجاوز التوقعات بكثير", IF(OR(AND(Main!AA99="يتجاوز التوقعات بكثير", Main!AB99="يتجاوز التوقعات"), AND(Main!AA99="يتجاوز التوقعات", Main!AB99="يتجاوز التوقعات بكثير")), "يتجاوز التوقعات", IF(AND(Main!AA99="يتجاوز التوقعات", Main!AB99="يتجاوز التوقعات"), "يتجاوز التوقعات", IF(OR(AND(Main!AA99="يتجاوز التوقعات", Main!AB99="يفي بالتوقعات"), AND(Main!AA99="يفي بالتوقعات", Main!AB99="يتجاوز التوقعات")), "يفي بالتوقعات", IF(AND(Main!AA99="يفي بالتوقعات", Main!AB99="يفي بالتوقعات"), "يفي بالتوقعات", IF(OR(AND(Main!AA99="يفي بالتوقعات", Main!AB99="يفي بالتوقعات جزئياً"), AND(Main!AA99="يفي بالتوقعات جزئياً", Main!AB99="يفي بالتوقعات")), "يفي بالتوقعات جزئياً", IF(AND(Main!AA99="يفي بالتوقعات جزئياً", Main!AB99="يفي بالتوقعات جزئياً"), "يفي بالتوقعات جزئياً", "" ))))))) -> يتجاوز التوقعات | CL99: =IF(AND(Main!AZ99="يتجاوز التوقعات بكثير", Main!BA99="يتجاوز التوقعات بكثير"), "يتجاوز التوقعات بكثير", IF(OR(AND(Main!AZ99="يتجاوز التوقعات بكثير", Main!BA99="يتجاوز التوقعات"), AND(Main!AZ99="يتجاوز التوقعات", Main!BA99="يتجاوز التوقعات بكثير")), "يتجاوز التوقعات", IF(AND(Main!AZ99="يتجاوز التوقعات", Main!BA99="يتجاوز التوقعات"), "يتجاوز التوقعات", IF(OR(AND(Main!AZ99="يتجاوز التوقعات", Main!BA99="يفي بالتوقعات"), AND(Main!AZ99="يفي بالتوقعات", Main!BA99="يتجاوز التوقعات")), "يفي بالتوقعات", IF(AND(Main!AZ99="يفي بالتوقعات", Main!BA99="يفي بالتوقعات"), "يفي بالتوقعات", IF(OR(AND(Main!AZ99="يفي بالتوقعات", Main!BA99="يفي بالتوقعات جزئياً"), AND(Main!AZ99="يفي بالتوقعات جزئياً", Main!BA99="يفي بالتوقعات")), "يفي بالتوقعات جزئياً", IF(AND(Main!AZ99="يفي بالتوقعات جزئياً", Main!BA99="يفي بالتوقعات جزئياً"), "يفي بالتوقعات جزئياً", "" )))))))
A100: 166 | B100: 45811.529 | C100: 45811.532 | D100: 810401037@moe.bh | E100: NAJAH AHMED ABDULHUSAIN MAITHAM | F100: نجاح أحمد ميثم | G100: قسم التربية الاسلامية | H100: 2024-2025 | J100: الفصل الدراسي الأول | K100: زيارات القيادة العليا للقيادة الوسطى | O100: يتجاوز التوقعات بكثير | P100: يتجاوز التوقعات بكثير | Q100: يتجاوز التوقعات بكثير | R100: يتجاوز التوقعات بكثير | S100: يتجاوز التوقعات بكثير | T100: يتجاوز التوقعات بكثير | U100: يتجاوز التوقعات بكثير | V100: يتجاوز التوقعات بكثير | W100: يتجاوز التوقعات بكثير | X100: يتجاوز التوقعات بكثير | Y100: يتجاوز التوقعات بكثير | Z100: يتجاوز التوقعات بكثير | AA100: يتجاوز التوقعات بكثير | AB100: يتجاوز التوقعات بكثير | AC100: يتجاوز التوقعات بكثير | AD100: يتجاوز التوقعات بكثير | AE100: يتجاوز التوقعات بكثير | AF100: يتجاوز التوقعات بكثير | AG100: تنوع الاستراتيجيات المقدمة للطالبات أثناء الدرس تنوع الانشطة التعليمية واحتوائها على التمايز الاحتفاء بانجازات الطالبات | AH100: لا يوجد | CK100: =IF(AND(Main!AA100="يتجاوز التوقعات بكثير", Main!AB100="يتجاوز التوقعات بكثير"), "يتجاوز التوقعات بكثير", IF(OR(AND(Main!AA100="يتجاوز التوقعات بكثير", Main!AB100="يتجاوز التوقعات"), AND(Main!AA100="يتجاوز التوقعات", Main!AB100="يتجاوز التوقعات بكثير")), "يتجاوز التوقعات", IF(AND(Main!AA100="يتجاوز التوقعات", Main!AB100="يتجاوز التوقعات"), "يتجاوز التوقعات", IF(OR(AND(Main!AA100="يتجاوز التوقعات", Main!AB100="يفي بالتوقعات"), AND(Main!AA100="يفي بالتوقعات", Main!AB100="يتجاوز التوقعات")), "يفي بالتوقعات", IF(AND(Main!AA100="يفي بالتوقعات", Main!AB100="يفي بالتوقعات"), "يفي بالتوقعات", IF(OR(AND(Main!AA100="يفي بالتوقعات", Main!AB100="يفي بالتوقعات جزئياً"), AND(Main!AA100="يفي بالتوقعات جزئياً", Main!AB100="يفي بالتوقعات")), "يفي بالتوقعات جزئياً", IF(AND(Main!AA100="يفي بالتوقعات جزئياً", Main!AB100="يفي بالتوقعات جزئياً"), "يفي بالتوقعات جزئياً", "" ))))))) -> يتجاوز التوقعات بكثير | CL100: =IF(AND(Main!AZ100="يتجاوز التوقعات بكثير", Main!BA100="يتجاوز التوقعات بكثير"), "يتجاوز التوقعات بكثير", IF(OR(AND(Main!AZ100="يتجاوز التوقعات بكثير", Main!BA100="يتجاوز التوقعات"), AND(Main!AZ100="يتجاوز التوقعات", Main!BA100="يتجاوز التوقعات بكثير")), "يتجاوز التوقعات", IF(AND(Main!AZ100="يتجاوز التوقعات", Main!BA100="يتجاوز التوقعات"), "يتجاوز التوقعات", IF(OR(AND(Main!AZ100="يتجاوز التوقعات", Main!BA100="يفي بالتوقعات"), AND(Main!AZ100="يفي بالتوقعات", Main!BA100="يتجاوز التوقعات")), "يفي بالتوقعات", IF(AND(Main!AZ100="يفي بالتوقعات", Main!BA100="يفي بالتوقعات"), "يفي بالتوقعات", IF(OR(AND(Main!AZ100="يفي بالتوقعات", Main!BA100="يفي بالتوقعات جزئياً"), AND(Main!AZ100="يفي بالتوقعات جزئياً", Main!BA100="يفي بالتوقعات")), "يفي بالتوقعات جزئياً", IF(AND(Main!AZ100="يفي بالتوقعات جزئياً", Main!BA100="يفي بالتوقعات جزئياً"), "يفي بالتوقعات جزئياً", "" )))))))
A101: 167 | B101: 45811.53 | C101: 45811.532 | D101: 870605941@moe.bh | E101: FADHEELA SHEHAB ALI YUSUF | F101: عهود سعد سلمان | G101: قسم المواد التجارية | H101: 2024-2025 | J101: الفصل الدراسي الأول | K101: زيارات القيادة الوسطى لجميع المعلمات | M101: استمارة الزيارة الصفية | N101: الزيارة الثانية | O101: يتجاوز التوقعات بكثير | P101: يتجاوز التوقعات بكثير | Q101: يتجاوز التوقعات | R101: يتجاوز التوقعات | S101: يتجاوز التوقعات بكثير | T101: يتجاوز التوقعات بكثير | U101: يتجاوز التوقعات | V101: يتجاوز التوقعات | W101: يتجاوز التوقعات بكثير | X101: يتجاوز التوقعات | Y101: يتجاوز التوقعات بكثير | Z101: يتجاوز التوقعات | AA101: يتجاوز التوقعات | AB101: يتجاوز التوقعات | AC101: يتجاوز التوقعات بكثير | AD101: يتجاوز التوقعات بكثير | AE101: يتجاوز التوقعات بكثير | AF101: يتجاوز التوقعات | AG101: قدرة الطالبات على المشاركة الفاعلة توظيف أساليب تحفيز متنوعة | AH101: التنويع في الاستراتيجيات | CK101: =IF(AND(Main!AA101="يتجاوز التوقعات بكثير", Main!AB101="يتجاوز التوقعات بكثير"), "يتجاوز التوقعات بكثير", IF(OR(AND(Main!AA101="يتجاوز التوقعات بكثير", Main!AB101="يتجاوز التوقعات"), AND(Main!AA101="يتجاوز التوقعات", Main!AB101="يتجاوز التوقعات بكثير")), "يتجاوز التوقعات", IF(AND(Main!AA101="يتجاوز التوقعات", Main!AB101="يتجاوز التوقعات"), "يتجاوز التوقعات", IF(OR(AND(Main!AA101="يتجاوز التوقعات", Main!AB101="يفي بالتوقعات"), AND(Main!AA101="يفي بالتوقعات", Main!AB101="يتجاوز التوقعات")), "يفي بالتوقعات", IF(AND(Main!AA101="يفي بالتوقعات", Main!AB101="يفي بالتوقعات"), "يفي بالتوقعات", IF(OR(AND(Main!AA101="يفي بالتوقعات", Main!AB101="يفي بالتوقعات جزئياً"), AND(Main!AA101="يفي بالتوقعات جزئياً", Main!AB101="يفي بالتوقعات")), "يفي بالتوقعات جزئياً", IF(AND(Main!AA101="يفي بالتوقعات جزئياً", Main!AB101="يفي بالتوقعات جزئياً"), "يفي بالتوقعات جزئياً", "" ))))))) -> يتجاوز التوقعات | CL101: =IF(AND(Main!AZ101="يتجاوز التوقعات بكثير", Main!BA101="يتجاوز التوقعات بكثير"), "يتجاوز التوقعات بكثير", IF(OR(AND(Main!AZ101="يتجاوز التوقعات بكثير", Main!BA101="يتجاوز التوقعات"), AND(Main!AZ101="يتجاوز التوقعات", Main!BA101="يتجاوز التوقعات بكثير")), "يتجاوز التوقعات", IF(AND(Main!AZ101="يتجاوز التوقعات", Main!BA101="يتجاوز التوقعات"), "يتجاوز التوقعات", IF(OR(AND(Main!AZ101="يتجاوز التوقعات", Main!BA101="يفي بالتوقعات"), AND(Main!AZ101="يفي بالتوقعات", Main!BA101="يتجاوز التوقعات")), "يفي بالتوقعات", IF(AND(Main!AZ101="يفي بالتوقعات", Main!BA101="يفي بالتوقعات"), "يفي بالتوقعات", IF(OR(AND(Main!AZ101="يفي بالتوقعات", Main!BA101="يفي بالتوقعات جزئياً"), AND(Main!AZ101="يفي بالتوقعات جزئياً", Main!BA101="يفي بالتوقعات")), "يفي بالتوقعات جزئياً", IF(AND(Main!AZ101="يفي بالتوقعات جزئياً", Main!BA101="يفي بالتوقعات جزئياً"), "يفي بالتوقعات جزئياً", "" )))))))
A102: 168 | B102: 45811.533 | C102: 45811.534 | D102: 870605941@moe.bh | E102: FADHEELA SHEHAB ALI YUSUF | F102: عهود سعد سلمان | G102: قسم المواد التجارية | H102: 2024-2025 | J102: الفصل الدراسي الأول | K102: زيارات القيادة الوسطى لجميع المعلمات | M102: استمارة الزيارة الصفية | N102: الزيارة الثالثة | O102: يتجاوز التوقعات بكثير | P102: يتجاوز التوقعات بكثير | Q102: يتجاوز التوقعات بكثير | R102: يتجاوز التوقعات بكثير | S102: يتجاوز التوقعات بكثير | T102: يتجاوز التوقعات | U102: يتجاوز التوقعات | V102: يتجاوز التوقعات | W102: يتجاوز التوقعات بكثير | X102: يتجاوز التوقعات بكثير | Y102: يتجاوز التوقعات بكثير | Z102: يتجاوز التوقعات | AA102: يتجاوز التوقعات | AB102: يتجاوز التوقعات | AC102: يتجاوز التوقعات | AD102: يتجاوز التوقعات | AE102: يتجاوز التوقعات بكثير | AF102: يتجاوز التوقعات بكثير | AG102: تضمين الموقف التعليمي إرشادات وتوجيهات واضحة تضمنت شرائح العرض والأنشطة إرشادات وتعليمات واضحة | AH102: تشجيع الطالبات على الإنتاج الرقمي | CK102: =IF(AND(Main!AA102="يتجاوز التوقعات بكثير", Main!AB102="يتجاوز التوقعات بكثير"), "يتجاوز التوقعات بكثير", IF(OR(AND(Main!AA102="يتجاوز التوقعات بكثير", Main!AB102="يتجاوز التوقعات"), AND(Main!AA102="يتجاوز التوقعات", Main!AB102="يتجاوز التوقعات بكثير")), "يتجاوز التوقعات", IF(AND(Main!AA102="يتجاوز التوقعات", Main!AB102="يتجاوز التوقعات"), "يتجاوز التوقعات", IF(OR(AND(Main!AA102="يتجاوز التوقعات", Main!AB102="يفي بالتوقعات"), AND(Main!AA102="يفي بالتوقعات", Main!AB102="يتجاوز التوقعات")), "يفي بالتوقعات", IF(AND(Main!AA102="يفي بالتوقعات", Main!AB102="يفي بالتوقعات"), "يفي بالتوقعات", IF(OR(AND(Main!AA102="يفي بالتوقعات", Main!AB102="يفي بالتوقعات جزئياً"), AND(Main!AA102="يفي بالتوقعات جزئياً", Main!AB102="يفي بالتوقعات")), "يفي بالتوقعات جزئياً", IF(AND(Main!AA102="يفي بالتوقعات جزئياً", Main!AB102="يفي بالتوقعات جزئياً"), "يفي بالتوقعات جزئياً", "" ))))))) -> يتجاوز التوقعات | CL102: =IF(AND(Main!AZ102="يتجاوز التوقعات بكثير", Main!BA102="يتجاوز التوقعات بكثير"), "يتجاوز التوقعات بكثير", IF(OR(AND(Main!AZ102="يتجاوز التوقعات بكثير", Main!BA102="يتجاوز التوقعات"), AND(Main!AZ102="يتجاوز التوقعات", Main!BA102="يتجاوز التوقعات بكثير")), "يتجاوز التوقعات", IF(AND(Main!AZ102="يتجاوز التوقعات", Main!BA102="يتجاوز التوقعات"), "يتجاوز التوقعات", IF(OR(AND(Main!AZ102="يتجاوز التوقعات", Main!BA102="يفي بالتوقعات"), AND(Main!AZ102="يفي بالتوقعات", Main!BA102="يتجاوز التوقعات")), "يفي بالتوقعات", IF(AND(Main!AZ102="يفي بالتوقعات", Main!BA102="يفي بالتوقعات"), "يفي بالتوقعات", IF(OR(AND(Main!AZ102="يفي بالتوقعات", Main!BA102="يفي بالتوقعات جزئياً"), AND(Main!AZ102="يفي بالتوقعات جزئياً", Main!BA102="يفي بالتوقعات")), "يفي بالتوقعات جزئياً", IF(AND(Main!AZ102="يفي بالتوقعات جزئياً", Main!BA102="يفي بالتوقعات جزئياً"), "يفي بالتوقعات جزئياً", "" )))))))
A103: 169 | B103: 45811.532 | C103: 45811.534 | D103: 810401037@moe.bh | E103: NAJAH AHMED ABDULHUSAIN MAITHAM | F103: هدى مالك منسي | G103: قسم التربية الاسلامية | H103: 2024-2025 | J103: الفصل الدراسي الأول | K103: زيارات القيادة الوسطى لجميع المعلمات | M103: استمارة الزيارة الصفية | N103: الزيارة الأولى | O103: يتجاوز التوقعات بكثير | P103: يتجاوز التوقعات بكثير | Q103: يتجاوز التوقعات بكثير | R103: يتجاوز التوقعات بكثير | S103: يتجاوز التوقعات بكثير | T103: يتجاوز التوقعات بكثير | U103: يتجاوز التوقعات | V103: يتجاوز التوقعات | W103: يتجاوز التوقعات | X103: يتجاوز التوقعات | Y103: يتجاوز التوقعات بكثير | Z103: يتجاوز التوقعات بكثير | AA103: يتجاوز التوقعات | AB103: يتجاوز التوقعات | AC103: يتجاوز التوقعات بكثير | AD103: يتجاوز التوقعات بكثير | AE103: يتجاوز التوقعات بكثير | AF103: يتجاوز التوقعات بكثير | AG103: تسلسل الافكار والمعارف - الادارة الوقتية والصفية ممتازة | AH103: استخدام الاسترتيجيات متنوعة - في تقييم الهدف وإظهار الانجاز الاكاديمي للطالب وعدم الاستفادة من نتائج التقييم | CK103: =IF(AND(Main!AA103="يتجاوز التوقعات بكثير", Main!AB103="يتجاوز التوقعات بكثير"), "يتجاوز التوقعات بكثير", IF(OR(AND(Main!AA103="يتجاوز التوقعات بكثير", Main!AB103="يتجاوز التوقعات"), AND(Main!AA103="يتجاوز التوقعات", Main!AB103="يتجاوز التوقعات بكثير")), "يتجاوز التوقعات", IF(AND(Main!AA103="يتجاوز التوقعات", Main!AB103="يتجاوز التوقعات"), "يتجاوز التوقعات", IF(OR(AND(Main!AA103="يتجاوز التوقعات", Main!AB103="يفي بالتوقعات"), AND(Main!AA103="يفي بالتوقعات", Main!AB103="يتجاوز التوقعات")), "يفي بالتوقعات", IF(AND(Main!AA103="يفي بالتوقعات", Main!AB103="يفي بالتوقعات"), "يفي بالتوقعات", IF(OR(AND(Main!AA103="يفي بالتوقعات", Main!AB103="يفي بالتوقعات جزئياً"), AND(Main!AA103="يفي بالتوقعات جزئياً", Main!AB103="يفي بالتوقعات")), "يفي بالتوقعات جزئياً", IF(AND(Main!AA103="يفي بالتوقعات جزئياً", Main!AB103="يفي بالتوقعات جزئياً"), "يفي بالتوقعات جزئياً", "" ))))))) -> يتجاوز التوقعات | CL103: =IF(AND(Main!AZ103="يتجاوز التوقعات بكثير", Main!BA103="يتجاوز التوقعات بكثير"), "يتجاوز التوقعات بكثير", IF(OR(AND(Main!AZ103="يتجاوز التوقعات بكثير", Main!BA103="يتجاوز التوقعات"), AND(Main!AZ103="يتجاوز التوقعات", Main!BA103="يتجاوز التوقعات بكثير")), "يتجاوز التوقعات", IF(AND(Main!AZ103="يتجاوز التوقعات", Main!BA103="يتجاوز التوقعات"), "يتجاوز التوقعات", IF(OR(AND(Main!AZ103="يتجاوز التوقعات", Main!BA103="يفي بالتوقعات"), AND(Main!AZ103="يفي بالتوقعات", Main!BA103="يتجاوز التوقعات")), "يفي بالتوقعات", IF(AND(Main!AZ103="يفي بالتوقعات", Main!BA103="يفي بالتوقعات"), "يفي بالتوقعات", IF(OR(AND(Main!AZ103="يفي بالتوقعات", Main!BA103="يفي بالتوقعات جزئياً"), AND(Main!AZ103="يفي بالتوقعات جزئياً", Main!BA103="يفي بالتوقعات")), "يفي بالتوقعات جزئياً", IF(AND(Main!AZ103="يفي بالتوقعات جزئياً", Main!BA103="يفي بالتوقعات جزئياً"), "يفي بالتوقعات جزئياً", "" )))))))
A104: 170 | B104: 45811.534 | C104: 45811.537 | D104: 810401037@moe.bh | E104: NAJAH AHMED ABDULHUSAIN MAITHAM | F104: هدى مالك منسي | G104: قسم التربية الاسلامية | H104: 2024-2025 | J104: الفصل الدراسي الأول | K104: زيارات القيادة الوسطى لجميع المعلمات | M104: استمارة الزيارة الصفية | N104: الزيارة الثانية | O104: يتجاوز التوقعات بكثير | P104: يتجاوز التوقعات بكثير | Q104: يتجاوز التوقعات بكثير | R104: يتجاوز التوقعات بكثير | S104: يتجاوز التوقعات بكثير | T104: يتجاوز التوقعات بكثير | U104: يتجاوز التوقعات | V104: يتجاوز التوقعات | W104: يتجاوز التوقعات بكثير | X104: يتجاوز التوقعات | Y104: يتجاوز التوقعات | Z104: يتجاوز التوقعات بكثير | AA104: يتجاوز التوقعات | AB104: يتجاوز التوقعات | AC104: يتجاوز التوقعات بكثير | AD104: يتجاوز التوقعات بكثير | AE104: يتجاوز التوقعات بكثير | AF104: يتجاوز التوقعات بكثير | AG104: استخدام التكنولوجيا- الادارة الوقتية ممتازة - عرض اعمال الطالبات في الموقف التعليمي -التنوع في التحفيز | AH104: في الانشطة الصفية والتقييمة | CK104: =IF(AND(Main!AA104="يتجاوز التوقعات بكثير", Main!AB104="يتجاوز التوقعات بكثير"), "يتجاوز التوقعات بكثير", IF(OR(AND(Main!AA104="يتجاوز التوقعات بكثير", Main!AB104="يتجاوز التوقعات"), AND(Main!AA104="يتجاوز التوقعات", Main!AB104="يتجاوز التوقعات بكثير")), "يتجاوز التوقعات", IF(AND(Main!AA104="يتجاوز التوقعات", Main!AB104="يتجاوز التوقعات"), "يتجاوز التوقعات", IF(OR(AND(Main!AA104="يتجاوز التوقعات", Main!AB104="يفي بالتوقعات"), AND(Main!AA104="يفي بالتوقعات", Main!AB104="يتجاوز التوقعات")), "يفي بالتوقعات", IF(AND(Main!AA104="يفي بالتوقعات", Main!AB104="يفي بالتوقعات"), "يفي بالتوقعات", IF(OR(AND(Main!AA104="يفي بالتوقعات", Main!AB104="يفي بالتوقعات جزئياً"), AND(Main!AA104="يفي بالتوقعات جزئياً", Main!AB104="يفي بالتوقعات")), "يفي بالتوقعات جزئياً", IF(AND(Main!AA104="يفي بالتوقعات جزئياً", Main!AB104="يفي بالتوقعات جزئياً"), "يفي بالتوقعات جزئياً", "" ))))))) -> يتجاوز التوقعات | CL104: =IF(AND(Main!AZ104="يتجاوز التوقعات بكثير", Main!BA104="يتجاوز التوقعات بكثير"), "يتجاوز التوقعات بكثير", IF(OR(AND(Main!AZ104="يتجاوز التوقعات بكثير", Main!BA104="يتجاوز التوقعات"), AND(Main!AZ104="يتجاوز التوقعات", Main!BA104="يتجاوز التوقعات بكثير")), "يتجاوز التوقعات", IF(AND(Main!AZ104="يتجاوز التوقعات", Main!BA104="يتجاوز التوقعات"), "يتجاوز التوقعات", IF(OR(AND(Main!AZ104="يتجاوز التوقعات", Main!BA104="يفي بالتوقعات"), AND(Main!AZ104="يفي بالتوقعات", Main!BA104="يتجاوز التوقعات")), "يفي بالتوقعات", IF(AND(Main!AZ104="يفي بالتوقعات", Main!BA104="يفي بالتوقعات"), "يفي بالتوقعات", IF(OR(AND(Main!AZ104="يفي بالتوقعات", Main!BA104="يفي بالتوقعات جزئياً"), AND(Main!AZ104="يفي بالتوقعات جزئياً", Main!BA104="يفي بالتوقعات")), "يفي بالتوقعات جزئياً", IF(AND(Main!AZ104="يفي بالتوقعات جزئياً", Main!BA104="يفي بالتوقعات جزئياً"), "يفي بالتوقعات جزئياً", "" )))))))
A105: 171 | B105: 45811.535 | C105: 45811.538 | D105: 810704498@moe.bh | E105: ZAHRA ABDULNABI DAWOOD AHMED | F105: شريفة حسن عبدالله | G105: قسم اللغة العربية | H105: 2024-2025 | J105: الفصل الدراسي الأول | K105: زيارات القيادة الوسطى لجميع المعلمات | M105: استمارة الزيارة الصفية | N105: الزيارة الأولى | O105: يتجاوز التوقعات بكثير | P105: يتجاوز التوقعات بكثير | Q105: يتجاوز التوقعات بكثير | R105: يتجاوز التوقعات | S105: يتجاوز التوقعات بكثير | T105: يتجاوز التوقعات بكثير | U105: يتجاوز التوقعات بكثير | V105: يتجاوز التوقعات | W105: يتجاوز التوقعات بكثير | X105: يتجاوز التوقعات بكثير | Y105: يتجاوز التوقعات بكثير | Z105: يتجاوز التوقعات بكثير | AA105: يتجاوز التوقعات | AB105: يتجاوز التوقعات | AC105: يتجاوز التوقعات بكثير | AD105: يتجاوز التوقعات بكثير | AE105: يتجاوز التوقعات بكثير | AF105: يتجاوز التوقعات بكثير | AG105: توظيف استراتيجيات تعليم و تعلم فاعلة . استثمار الطالبات المتميزات و الموهوبات في المواقف التعليمية تقديم الدعم و النساندة لجميع الطالبات على اختلاف فئاتهن. | AH105: استثمار الوقت بصورة أكثر فاعلية . توظيف التقويم بصورة أفضل و الاستفادة من نتائجه . | CK105: =IF(AND(Main!AA105="يتجاوز التوقعات بكثير", Main!AB105="يتجاوز التوقعات بكثير"), "يتجاوز التوقعات بكثير", IF(OR(AND(Main!AA105="يتجاوز التوقعات بكثير", Main!AB105="يتجاوز التوقعات"), AND(Main!AA105="يتجاوز التوقعات", Main!AB105="يتجاوز التوقعات بكثير")), "يتجاوز التوقعات", IF(AND(Main!AA105="يتجاوز التوقعات", Main!AB105="يتجاوز التوقعات"), "يتجاوز التوقعات", IF(OR(AND(Main!AA105="يتجاوز التوقعات", Main!AB105="يفي بالتوقعات"), AND(Main!AA105="يفي بالتوقعات", Main!AB105="يتجاوز التوقعات")), "يفي بالتوقعات", IF(AND(Main!AA105="يفي بالتوقعات", Main!AB105="يفي بالتوقعات"), "يفي بالتوقعات", IF(OR(AND(Main!AA105="يفي بالتوقعات", Main!AB105="يفي بالتوقعات جزئياً"), AND(Main!AA105="يفي بالتوقعات جزئياً", Main!AB105="يفي بالتوقعات")), "يفي بالتوقعات جزئياً", IF(AND(Main!AA105="يفي بالتوقعات جزئياً", Main!AB105="يفي بالتوقعات جزئياً"), "يفي بالتوقعات جزئياً", "" ))))))) -> يتجاوز التوقعات | CL105: =IF(AND(Main!AZ105="يتجاوز التوقعات بكثير", Main!BA105="يتجاوز التوقعات بكثير"), "يتجاوز التوقعات بكثير", IF(OR(AND(Main!AZ105="يتجاوز التوقعات بكثير", Main!BA105="يتجاوز التوقعات"), AND(Main!AZ105="يتجاوز التوقعات", Main!BA105="يتجاوز التوقعات بكثير")), "يتجاوز التوقعات", IF(AND(Main!AZ105="يتجاوز التوقعات", Main!BA105="يتجاوز التوقعات"), "يتجاوز التوقعات", IF(OR(AND(Main!AZ105="يتجاوز التوقعات", Main!BA105="يفي بالتوقعات"), AND(Main!AZ105="يفي بالتوقعات", Main!BA105="يتجاوز التوقعات")), "يفي بالتوقعات", IF(AND(Main!AZ105="يفي بالتوقعات", Main!BA105="يفي بالتوقعات"), "يفي بالتوقعات", IF(OR(AND(Main!AZ105="يفي بالتوقعات", Main!BA105="يفي بالتوقعات جزئياً"), AND(Main!AZ105="يفي بالتوقعات جزئياً", Main!BA105="يفي بالتوقعات")), "يفي بالتوقعات جزئياً", IF(AND(Main!AZ105="يفي بالتوقعات جزئياً", Main!BA105="يفي بالتوقعات جزئياً"), "يفي بالتوقعات جزئياً", "" )))))))
A106: 173 | B106: 45811.538 | C106: 45811.54 | D106: 810401037@moe.bh | E106: NAJAH AHMED ABDULHUSAIN MAITHAM | F106: هدى مالك منسي | G106: قسم التربية الاسلامية | H106: 2024-2025 | J106: الفصل الدراسي الأول | K106: زيارات القيادة الوسطى لجميع المعلمات | M106: استمارة الزيارة الصفية | N106: الزيارة الثالثة | O106: يتجاوز التوقعات بكثير | P106: يتجاوز التوقعات بكثير | Q106: يتجاوز التوقعات بكثير | R106: يتجاوز التوقعات بكثير | S106: يتجاوز التوقعات بكثير | T106: يتجاوز التوقعات بكثير | U106: يتجاوز التوقعات بكثير | V106: يتجاوز التوقعات بكثير | W106: يتجاوز التوقعات بكثير | X106: يتجاوز التوقعات بكثير | Y106: يتجاوز التوقعات بكثير | Z106: يتجاوز التوقعات بكثير | AA106: يتجاوز التوقعات بكثير | AB106: يتجاوز التوقعات بكثير | AC106: يتجاوز التوقعات بكثير | AD106: يتجاوز التوقعات بكثير | AE106: يتجاوز التوقعات بكثير | AF106: يتجاوز التوقعات بكثير | AG106: تسلسل في الافكار والمعارف - تنوع الاستراتيجيات - استثمار الوقت بطريقة ممتازة - نحقيق الاهداف والتأكد من التعليم -تنوع في التحفيز - توظيف التكنولوجيا وعرض أعمال الطالبات | AH106: التمايز في الانشطة - اظهار الدعم للطالبات والتعذية الراجعة | CK106: =IF(AND(Main!AA106="يتجاوز التوقعات بكثير", Main!AB106="يتجاوز التوقعات بكثير"), "يتجاوز التوقعات بكثير", IF(OR(AND(Main!AA106="يتجاوز التوقعات بكثير", Main!AB106="يتجاوز التوقعات"), AND(Main!AA106="يتجاوز التوقعات", Main!AB106="يتجاوز التوقعات بكثير")), "يتجاوز التوقعات", IF(AND(Main!AA106="يتجاوز التوقعات", Main!AB106="يتجاوز التوقعات"), "يتجاوز التوقعات", IF(OR(AND(Main!AA106="يتجاوز التوقعات", Main!AB106="يفي بالتوقعات"), AND(Main!AA106="يفي بالتوقعات", Main!AB106="يتجاوز التوقعات")), "يفي بالتوقعات", IF(AND(Main!AA106="يفي بالتوقعات", Main!AB106="يفي بالتوقعات"), "يفي بالتوقعات", IF(OR(AND(Main!AA106="يفي بالتوقعات", Main!AB106="يفي بالتوقعات جزئياً"), AND(Main!AA106="يفي بالتوقعات جزئياً", Main!AB106="يفي بالتوقعات")), "يفي بالتوقعات جزئياً", IF(AND(Main!AA106="يفي بالتوقعات جزئياً", Main!AB106="يفي بالتوقعات جزئياً"), "يفي بالتوقعات جزئياً", "" ))))))) -> يتجاوز التوقعات بكثير | CL106: =IF(AND(Main!AZ106="يتجاوز التوقعات بكثير", Main!BA106="يتجاوز التوقعات بكثير"), "يتجاوز التوقعات بكثير", IF(OR(AND(Main!AZ106="يتجاوز التوقعات بكثير", Main!BA106="يتجاوز التوقعات"), AND(Main!AZ106="يتجاوز التوقعات", Main!BA106="يتجاوز التوقعات بكثير")), "يتجاوز التوقعات", IF(AND(Main!AZ106="يتجاوز التوقعات", Main!BA106="يتجاوز التوقعات"), "يتجاوز التوقعات", IF(OR(AND(Main!AZ106="يتجاوز التوقعات", Main!BA106="يفي بالتوقعات"), AND(Main!AZ106="يفي بالتوقعات", Main!BA106="يتجاوز التوقعات")), "يفي بالتوقعات", IF(AND(Main!AZ106="يفي بالتوقعات", Main!BA106="يفي بالتوقعات"), "يفي بالتوقعات", IF(OR(AND(Main!AZ106="يفي بالتوقعات", Main!BA106="يفي بالتوقعات جزئياً"), AND(Main!AZ106="يفي بالتوقعات جزئياً", Main!BA106="يفي بالتوقعات")), "يفي بالتوقعات جزئياً", IF(AND(Main!AZ106="يفي بالتوقعات جزئياً", Main!BA106="يفي بالتوقعات جزئياً"), "يفي بالتوقعات جزئياً", "" )))))))
A107: 174 | B107: 45811.54 | C107: 45811.542 | D107: 810401037@moe.bh | E107: NAJAH AHMED ABDULHUSAIN MAITHAM | F107: رباب السيد كاظم الوداعي | G107: قسم التربية الاسلامية | H107: 2024-2025 | J107: الفصل الدراسي الأول | K107: زيارات القيادة الوسطى لجميع المعلمات | M107: استمارة الزيارة الصفية | N107: الزيارة الأولى | O107: يتجاوز التوقعات بكثير | P107: يتجاوز التوقعات بكثير | Q107: يتجاوز التوقعات بكثير | R107: يتجاوز التوقعات بكثير | S107: يتجاوز التوقعات بكثير | T107: يتجاوز التوقعات بكثير | U107: يتجاوز التوقعات بكثير | V107: يتجاوز التوقعات بكثير | W107: يتجاوز التوقعات بكثير | X107: يتجاوز التوقعات بكثير | Y107: يتجاوز التوقعات بكثير | Z107: يتجاوز التوقعات بكثير | AA107: يتجاوز التوقعات بكثير | AB107: يتجاوز التوقعات بكثير | AC107: يتجاوز التوقعات بكثير | AD107: يتجاوز التوقعات بكثير | AE107: يتجاوز التوقعات بكثير | AF107: يتجاوز التوقعات بكثير | AG107: تنوع في الاستراتيجيات- تقييم الهدف بشكل ممتاز - اظهار الانجاز الاكاديمي والاستفادة منه | AH107: تطبيق أدوات رقمية | CK107: =IF(AND(Main!AA107="يتجاوز التوقعات بكثير", Main!AB107="يتجاوز التوقعات بكثير"), "يتجاوز التوقعات بكثير", IF(OR(AND(Main!AA107="يتجاوز التوقعات بكثير", Main!AB107="يتجاوز التوقعات"), AND(Main!AA107="يتجاوز التوقعات", Main!AB107="يتجاوز التوقعات بكثير")), "يتجاوز التوقعات", IF(AND(Main!AA107="يتجاوز التوقعات", Main!AB107="يتجاوز التوقعات"), "يتجاوز التوقعات", IF(OR(AND(Main!AA107="يتجاوز التوقعات", Main!AB107="يفي بالتوقعات"), AND(Main!AA107="يفي بالتوقعات", Main!AB107="يتجاوز التوقعات")), "يفي بالتوقعات", IF(AND(Main!AA107="يفي بالتوقعات", Main!AB107="يفي بالتوقعات"), "يفي بالتوقعات", IF(OR(AND(Main!AA107="يفي بالتوقعات", Main!AB107="يفي بالتوقعات جزئياً"), AND(Main!AA107="يفي بالتوقعات جزئياً", Main!AB107="يفي بالتوقعات")), "يفي بالتوقعات جزئياً", IF(AND(Main!AA107="يفي بالتوقعات جزئياً", Main!AB107="يفي بالتوقعات جزئياً"), "يفي بالتوقعات جزئياً", "" ))))))) -> يتجاوز التوقعات بكثير | CL107: =IF(AND(Main!AZ107="يتجاوز التوقعات بكثير", Main!BA107="يتجاوز التوقعات بكثير"), "يتجاوز التوقعات بكثير", IF(OR(AND(Main!AZ107="يتجاوز التوقعات بكثير", Main!BA107="يتجاوز التوقعات"), AND(Main!AZ107="يتجاوز التوقعات", Main!BA107="يتجاوز التوقعات بكثير")), "يتجاوز التوقعات", IF(AND(Main!AZ107="يتجاوز التوقعات", Main!BA107="يتجاوز التوقعات"), "يتجاوز التوقعات", IF(OR(AND(Main!AZ107="يتجاوز التوقعات", Main!BA107="يفي بالتوقعات"), AND(Main!AZ107="يفي بالتوقعات", Main!BA107="يتجاوز التوقعات")), "يفي بالتوقعات", IF(AND(Main!AZ107="يفي بالتوقعات", Main!BA107="يفي بالتوقعات"), "يفي بالتوقعات", IF(OR(AND(Main!AZ107="يفي بالتوقعات", Main!BA107="يفي بالتوقعات جزئياً"), AND(Main!AZ107="يفي بالتوقعات جزئياً", Main!BA107="يفي بالتوقعات")), "يفي بالتوقعات جزئياً", IF(AND(Main!AZ107="يفي بالتوقعات جزئياً", Main!BA107="يفي بالتوقعات جزئياً"), "يفي بالتوقعات جزئياً", "" )))))))
A108: 176 | B108: 45811.539 | C108: 45811.545 | D108: 810704498@moe.bh | E108: ZAHRA ABDULNABI DAWOOD AHMED | F108: شريفة حسن عبدالله | G108: قسم اللغة العربية | H108: 2024-2025 | J108: الفصل الدراسي الأول | K108: زيارات القيادة الوسطى لجميع المعلمات | M108: استمارة الزيارة الصفية | N108: الزيارة الثانية | O108: يتجاوز التوقعات بكثير | P108: يتجاوز التوقعات بكثير | Q108: يتجاوز التوقعات بكثير | R108: يتجاوز التوقعات | S108: يتجاوز التوقعات بكثير | T108: يتجاوز التوقعات بكثير | U108: يتجاوز التوقعات بكثير | V108: يتجاوز التوقعات بكثير | W108: يتجاوز التوقعات بكثير | X108: يتجاوز التوقعات بكثير | Y108: يتجاوز التوقعات بكثير | Z108: يتجاوز التوقعات بكثير | AA108: يتجاوز التوقعات | AB108: يتجاوز التوقعات | AC108: يتجاوز التوقعات بكثير | AD108: يتجاوز التوقعات بكثير | AE108: يتجاوز التوقعات بكثير | AF108: يتجاوز التوقعات بكثير | AG108: تقديم إرشادات و تعليمات واضحة . توظيف أساليب تعليم متنوعة والاستفادة من نتائجه. تعزيز الدرس بالأمثلة و التطبيقات مع الربط المنطقي . | AH108: توظيف استراتيجيات تعليم و تعلم أكثر فاعلية . إثارة دافعية الطالبات و حثهن على التفاعل بطريقة أفضل . | CK108: =IF(AND(Main!AA108="يتجاوز التوقعات بكثير", Main!AB108="يتجاوز التوقعات بكثير"), "يتجاوز التوقعات بكثير", IF(OR(AND(Main!AA108="يتجاوز التوقعات بكثير", Main!AB108="يتجاوز التوقعات"), AND(Main!AA108="يتجاوز التوقعات", Main!AB108="يتجاوز التوقعات بكثير")), "يتجاوز التوقعات", IF(AND(Main!AA108="يتجاوز التوقعات", Main!AB108="يتجاوز التوقعات"), "يتجاوز التوقعات", IF(OR(AND(Main!AA108="يتجاوز التوقعات", Main!AB108="يفي بالتوقعات"), AND(Main!AA108="يفي بالتوقعات", Main!AB108="يتجاوز التوقعات")), "يفي بالتوقعات", IF(AND(Main!AA108="يفي بالتوقعات", Main!AB108="يفي بالتوقعات"), "يفي بالتوقعات", IF(OR(AND(Main!AA108="يفي بالتوقعات", Main!AB108="يفي بالتوقعات جزئياً"), AND(Main!AA108="يفي بالتوقعات جزئياً", Main!AB108="يفي بالتوقعات")), "يفي بالتوقعات جزئياً", IF(AND(Main!AA108="يفي بالتوقعات جزئياً", Main!AB108="يفي بالتوقعات جزئياً"), "يفي بالتوقعات جزئياً", "" ))))))) -> يتجاوز التوقعات | CL108: =IF(AND(Main!AZ108="يتجاوز التوقعات بكثير", Main!BA108="يتجاوز التوقعات بكثير"), "يتجاوز التوقعات بكثير", IF(OR(AND(Main!AZ108="يتجاوز التوقعات بكثير", Main!BA108="يتجاوز التوقعات"), AND(Main!AZ108="يتجاوز التوقعات", Main!BA108="يتجاوز التوقعات بكثير")), "يتجاوز التوقعات", IF(AND(Main!AZ108="يتجاوز التوقعات", Main!BA108="يتجاوز التوقعات"), "يتجاوز التوقعات", IF(OR(AND(Main!AZ108="يتجاوز التوقعات", Main!BA108="يفي بالتوقعات"), AND(Main!AZ108="يفي بالتوقعات", Main!BA108="يتجاوز التوقعات")), "يفي بالتوقعات", IF(AND(Main!AZ108="يفي بالتوقعات", Main!BA108="يفي بالتوقعات"), "يفي بالتوقعات", IF(OR(AND(Main!AZ108="يفي بالتوقعات", Main!BA108="يفي بالتوقعات جزئياً"), AND(Main!AZ108="يفي بالتوقعات جزئياً", Main!BA108="يفي بالتوقعات")), "يفي بالتوقعات جزئياً", IF(AND(Main!AZ108="يفي بالتوقعات جزئياً", Main!BA108="يفي بالتوقعات جزئياً"), "يفي بالتوقعات جزئياً", "" )))))))
A109: 177 | B109: 45811.542 | C109: 45811.545 | D109: 810401037@moe.bh | E109: NAJAH AHMED ABDULHUSAIN MAITHAM | F109: رباب السيد كاظم الوداعي | G109: قسم التربية الاسلامية | H109: 2024-2025 | J109: الفصل الدراسي الأول | K109: زيارات القيادة الوسطى لجميع المعلمات | M109: استمارة الزيارة الصفية | N109: الزيارة الثانية | O109: يتجاوز التوقعات بكثير | P109: يتجاوز التوقعات بكثير | Q109: يتجاوز التوقعات بكثير | R109: يتجاوز التوقعات بكثير | S109: يتجاوز التوقعات بكثير | T109: يتجاوز التوقعات بكثير | U109: يتجاوز التوقعات بكثير | V109: يتجاوز التوقعات بكثير | W109: يتجاوز التوقعات بكثير | X109: يتجاوز التوقعات بكثير | Y109: يتجاوز التوقعات بكثير | Z109: يتجاوز التوقعات بكثير | AA109: يتجاوز التوقعات بكثير | AB109: يتجاوز التوقعات بكثير | AC109: يتجاوز التوقعات بكثير | AD109: يتجاوز التوقعات بكثير | AE109: يتجاوز التوقعات بكثير | AF109: يتجاوز التوقعات بكثير | AG109: المادة العلمية سليمة وإضفاء الكثير من المعلومات ( الاثراء في المادة العلمية ) - الادارة الوقتية والصفية ممتازة - تحقيق التعليم والتعلم بتقيييم الاهداف بأساليب متنوعة | AH109: أساليب التحفيز غير متنوعة | CK109: =IF(AND(Main!AA109="يتجاوز التوقعات بكثير", Main!AB109="يتجاوز التوقعات بكثير"), "يتجاوز التوقعات بكثير", IF(OR(AND(Main!AA109="يتجاوز التوقعات بكثير", Main!AB109="يتجاوز التوقعات"), AND(Main!AA109="يتجاوز التوقعات", Main!AB109="يتجاوز التوقعات بكثير")), "يتجاوز التوقعات", IF(AND(Main!AA109="يتجاوز التوقعات", Main!AB109="يتجاوز التوقعات"), "يتجاوز التوقعات", IF(OR(AND(Main!AA109="يتجاوز التوقعات", Main!AB109="يفي بالتوقعات"), AND(Main!AA109="يفي بالتوقعات", Main!AB109="يتجاوز التوقعات")), "يفي بالتوقعات", IF(AND(Main!AA109="يفي بالتوقعات", Main!AB109="يفي بالتوقعات"), "يفي بالتوقعات", IF(OR(AND(Main!AA109="يفي بالتوقعات", Main!AB109="يفي بالتوقعات جزئياً"), AND(Main!AA109="يفي بالتوقعات جزئياً", Main!AB109="يفي بالتوقعات")), "يفي بالتوقعات جزئياً", IF(AND(Main!AA109="يفي بالتوقعات جزئياً", Main!AB109="يفي بالتوقعات جزئياً"), "يفي بالتوقعات جزئياً", "" ))))))) -> يتجاوز التوقعات بكثير | CL109: =IF(AND(Main!AZ109="يتجاوز التوقعات بكثير", Main!BA109="يتجاوز التوقعات بكثير"), "يتجاوز التوقعات بكثير", IF(OR(AND(Main!AZ109="يتجاوز التوقعات بكثير", Main!BA109="يتجاوز التوقعات"), AND(Main!AZ109="يتجاوز التوقعات", Main!BA109="يتجاوز التوقعات بكثير")), "يتجاوز التوقعات", IF(AND(Main!AZ109="يتجاوز التوقعات", Main!BA109="يتجاوز التوقعات"), "يتجاوز التوقعات", IF(OR(AND(Main!AZ109="يتجاوز التوقعات", Main!BA109="يفي بالتوقعات"), AND(Main!AZ109="يفي بالتوقعات", Main!BA109="يتجاوز التوقعات")), "يفي بالتوقعات", IF(AND(Main!AZ109="يفي بالتوقعات", Main!BA109="يفي بالتوقعات"), "يفي بالتوقعات", IF(OR(AND(Main!AZ109="يفي بالتوقعات", Main!BA109="يفي بالتوقعات جزئياً"), AND(Main!AZ109="يفي بالتوقعات جزئياً", Main!BA109="يفي بالتوقعات")), "يفي بالتوقعات جزئياً", IF(AND(Main!AZ109="يفي بالتوقعات جزئياً", Main!BA109="يفي بالتوقعات جزئياً"), "يفي بالتوقعات جزئياً", "" )))))))
A110: 178 | B110: 45811.545 | C110: 45811.549 | D110: 810401037@moe.bh | E110: NAJAH AHMED ABDULHUSAIN MAITHAM | F110: رباب السيد كاظم الوداعي | G110: قسم التربية الاسلامية | H110: 2024-2025 | J110: الفصل الدراسي الأول | K110: زيارات القيادة الوسطى لجميع المعلمات | M110: استمارة الزيارة الصفية | N110: الزيارة الثالثة | O110: يتجاوز التوقعات بكثير | P110: يتجاوز التوقعات بكثير | Q110: يتجاوز التوقعات بكثير | R110: يتجاوز التوقعات بكثير | S110: يتجاوز التوقعات بكثير | T110: يتجاوز التوقعات بكثير | U110: يتجاوز التوقعات بكثير | V110: يتجاوز التوقعات بكثير | W110: يتجاوز التوقعات بكثير | X110: يتجاوز التوقعات بكثير | Y110: يتجاوز التوقعات بكثير | Z110: يتجاوز التوقعات بكثير | AA110: يتجاوز التوقعات بكثير | AB110: يتجاوز التوقعات بكثير | AC110: يتجاوز التوقعات بكثير | AD110: يتجاوز التوقعات بكثير | AE110: يتجاوز التوقعات بكثير | AF110: يتجاوز التوقعات بكثير | AG110: الادارة الوقتية ممتازة -تحقيق الاهداف باستخدام التقييم الفردي- توظيف مهارات تفكير عليا ومهارات القرن الواحد والعشرون - اثراء المادة العلمية | AH110: تطبيق الادوات الرقمية - الاكثار من التكنولوجيا | CK110: =IF(AND(Main!AA110="يتجاوز التوقعات بكثير", Main!AB110="يتجاوز التوقعات بكثير"), "يتجاوز التوقعات بكثير", IF(OR(AND(Main!AA110="يتجاوز التوقعات بكثير", Main!AB110="يتجاوز التوقعات"), AND(Main!AA110="يتجاوز التوقعات", Main!AB110="يتجاوز التوقعات بكثير")), "يتجاوز التوقعات", IF(AND(Main!AA110="يتجاوز التوقعات", Main!AB110="يتجاوز التوقعات"), "يتجاوز التوقعات", IF(OR(AND(Main!AA110="يتجاوز التوقعات", Main!AB110="يفي بالتوقعات"), AND(Main!AA110="يفي بالتوقعات", Main!AB110="يتجاوز التوقعات")), "يفي بالتوقعات", IF(AND(Main!AA110="يفي بالتوقعات", Main!AB110="يفي بالتوقعات"), "يفي بالتوقعات", IF(OR(AND(Main!AA110="يفي بالتوقعات", Main!AB110="يفي بالتوقعات جزئياً"), AND(Main!AA110="يفي بالتوقعات جزئياً", Main!AB110="يفي بالتوقعات")), "يفي بالتوقعات جزئياً", IF(AND(Main!AA110="يفي بالتوقعات جزئياً", Main!AB110="يفي بالتوقعات جزئياً"), "يفي بالتوقعات جزئياً", "" ))))))) -> يتجاوز التوقعات بكثير | CL110: =IF(AND(Main!AZ110="يتجاوز التوقعات بكثير", Main!BA110="يتجاوز التوقعات بكثير"), "يتجاوز التوقعات بكثير", IF(OR(AND(Main!AZ110="يتجاوز التوقعات بكثير", Main!BA110="يتجاوز التوقعات"), AND(Main!AZ110="يتجاوز التوقعات", Main!BA110="يتجاوز التوقعات بكثير")), "يتجاوز التوقعات", IF(AND(Main!AZ110="يتجاوز التوقعات", Main!BA110="يتجاوز التوقعات"), "يتجاوز التوقعات", IF(OR(AND(Main!AZ110="يتجاوز التوقعات", Main!BA110="يفي بالتوقعات"), AND(Main!AZ110="يفي بالتوقعات", Main!BA110="يتجاوز التوقعات")), "يفي بالتوقعات", IF(AND(Main!AZ110="يفي بالتوقعات", Main!BA110="يفي بالتوقعات"), "يفي بالتوقعات", IF(OR(AND(Main!AZ110="يفي بالتوقعات", Main!BA110="يفي بالتوقعات جزئياً"), AND(Main!AZ110="يفي بالتوقعات جزئياً", Main!BA110="يفي بالتوقعات")), "يفي بالتوقعات جزئياً", IF(AND(Main!AZ110="يفي بالتوقعات جزئياً", Main!BA110="يفي بالتوقعات جزئياً"), "يفي بالتوقعات جزئياً", "" )))))))
A111: 179 | B111: 45811.545 | C111: 45811.549 | D111: 810704498@moe.bh | E111: ZAHRA ABDULNABI DAWOOD AHMED | F111: شريفة حسن عبدالله | G111: قسم اللغة العربية | H111: 2024-2025 | J111: الفصل الدراسي الأول | K111: زيارات القيادة الوسطى لجميع المعلمات | M111: استمارة الزيارة الصفية | N111: الزيارة الثالثة | O111: يتجاوز التوقعات بكثير | P111: يتجاوز التوقعات بكثير | Q111: يتجاوز التوقعات | R111: يتجاوز التوقعات بكثير | S111: يتجاوز التوقعات بكثير | T111: يتجاوز التوقعات بكثير | U111: يتجاوز التوقعات بكثير | V111: يتجاوز التوقعات بكثير | W111: يتجاوز التوقعات بكثير | X111: يتجاوز التوقعات بكثير | Y111: يتجاوز التوقعات | Z111: يتجاوز التوقعات | AA111: يتجاوز التوقعات بكثير | AB111: يتجاوز التوقعات بكثير | AC111: يتجاوز التوقعات بكثير | AD111: يتجاوز التوقعات بكثير | AE111: يتجاوز التوقعات بكثير | AF111: يتجاوز التوقعات بكثير | AG111: توظيف استراتيجيات تعليم و تعلم فاعلة . إدارة الموقف التعليمي بصورة منظمة . تقديم الدعم و المساندة لجميع الطالبات على اختلاف فئاتهن. | AH111: تحفيز الطالبات بصورة أفضل. تشجيع الطالبات على تنمية مهارتهن التكنلوجيةو إنتاج المحتوى الرقمي . | CK111: =IF(AND(Main!AA111="يتجاوز التوقعات بكثير", Main!AB111="يتجاوز التوقعات بكثير"), "يتجاوز التوقعات بكثير", IF(OR(AND(Main!AA111="يتجاوز التوقعات بكثير", Main!AB111="يتجاوز التوقعات"), AND(Main!AA111="يتجاوز التوقعات", Main!AB111="يتجاوز التوقعات بكثير")), "يتجاوز التوقعات", IF(AND(Main!AA111="يتجاوز التوقعات", Main!AB111="يتجاوز التوقعات"), "يتجاوز التوقعات", IF(OR(AND(Main!AA111="يتجاوز التوقعات", Main!AB111="يفي بالتوقعات"), AND(Main!AA111="يفي بالتوقعات", Main!AB111="يتجاوز التوقعات")), "يفي بالتوقعات", IF(AND(Main!AA111="يفي بالتوقعات", Main!AB111="يفي بالتوقعات"), "يفي بالتوقعات", IF(OR(AND(Main!AA111="يفي بالتوقعات", Main!AB111="يفي بالتوقعات جزئياً"), AND(Main!AA111="يفي بالتوقعات جزئياً", Main!AB111="يفي بالتوقعات")), "يفي بالتوقعات جزئياً", IF(AND(Main!AA111="يفي بالتوقعات جزئياً", Main!AB111="يفي بالتوقعات جزئياً"), "يفي بالتوقعات جزئياً", "" ))))))) -> يتجاوز التوقعات بكثير | CL111: =IF(AND(Main!AZ111="يتجاوز التوقعات بكثير", Main!BA111="يتجاوز التوقعات بكثير"), "يتجاوز التوقعات بكثير", IF(OR(AND(Main!AZ111="يتجاوز التوقعات بكثير", Main!BA111="يتجاوز التوقعات"), AND(Main!AZ111="يتجاوز التوقعات", Main!BA111="يتجاوز التوقعات بكثير")), "يتجاوز التوقعات", IF(AND(Main!AZ111="يتجاوز التوقعات", Main!BA111="يتجاوز التوقعات"), "يتجاوز التوقعات", IF(OR(AND(Main!AZ111="يتجاوز التوقعات", Main!BA111="يفي بالتوقعات"), AND(Main!AZ111="يفي بالتوقعات", Main!BA111="يتجاوز التوقعات")), "يفي بالتوقعات", IF(AND(Main!AZ111="يفي بالتوقعات", Main!BA111="يفي بالتوقعات"), "يفي بالتوقعات", IF(OR(AND(Main!AZ111="يفي بالتوقعات", Main!BA111="يفي بالتوقعات جزئياً"), AND(Main!AZ111="يفي بالتوقعات جزئياً", Main!BA111="يفي بالتوقعات")), "يفي بالتوقعات جزئياً", IF(AND(Main!AZ111="يفي بالتوقعات جزئياً", Main!BA111="يفي بالتوقعات جزئياً"), "يفي بالتوقعات جزئياً", "" )))))))
